/*
 Navicat MySQL Dump SQL

 Source Server         : hello
 Source Server Type    : MySQL
 Source Server Version : 80040 (8.0.40)
 Source Host           : localhost:3306
 Source Schema         : easy_test

 Target Server Type    : MySQL
 Target Server Version : 80040 (8.0.40)
 File Encoding         : 65001

 Date: 04/11/2024 11:03:21
*/

SET NAMES utf8mb4;
SET FOREIGN_KEY_CHECKS = 0;

-- ----------------------------
-- Table structure for comment
-- ----------------------------
DROP TABLE IF EXISTS `comment`;
CREATE TABLE `comment`  (
  `CommentID` int UNSIGNED NOT NULL AUTO_INCREMENT,
  `UserID` int UNSIGNED NOT NULL,
  `PsID` int UNSIGNED NOT NULL,
  `CommentContent` varchar(255) CHARACTER SET utf8mb4 COLLATE utf8mb4_0900_ai_ci NOT NULL,
  `CommentTime` varchar(255) CHARACTER SET utf8mb4 COLLATE utf8mb4_0900_ai_ci NOT NULL,
  `Fire` int NOT NULL,
  PRIMARY KEY (`CommentID`) USING BTREE,
  UNIQUE INDEX `CommentID`(`CommentID` ASC) USING BTREE,
  INDEX `UserID`(`UserID` ASC) USING BTREE,
  INDEX `PsID`(`PsID` ASC) USING BTREE,
  CONSTRAINT `comment_ibfk_1` FOREIGN KEY (`UserID`) REFERENCES `customer` (`UserID`) ON DELETE CASCADE ON UPDATE CASCADE,
  CONSTRAINT `comment_ibfk_2` FOREIGN KEY (`PsID`) REFERENCES `petsupply` (`PsID`) ON DELETE CASCADE ON UPDATE CASCADE
) ENGINE = InnoDB AUTO_INCREMENT = 2 CHARACTER SET = utf8mb4 COLLATE = utf8mb4_0900_ai_ci ROW_FORMAT = DYNAMIC;

-- ----------------------------
-- Records of comment
-- ----------------------------
INSERT INTO `comment` VALUES (1, 4, 1, '很好', '2024-11-3', 5);

-- ----------------------------
-- Table structure for customer
-- ----------------------------
DROP TABLE IF EXISTS `customer`;
CREATE TABLE `customer`  (
  `UserID` int UNSIGNED NOT NULL AUTO_INCREMENT,
  `UserPassword` varchar(255) CHARACTER SET utf8mb4 COLLATE utf8mb4_0900_ai_ci NOT NULL,
  `UserName` varchar(255) CHARACTER SET utf8mb4 COLLATE utf8mb4_0900_ai_ci NOT NULL,
  `UserPhone` varchar(255) CHARACTER SET utf8mb4 COLLATE utf8mb4_0900_ai_ci NOT NULL,
  `UserAddress` varchar(255) CHARACTER SET utf8mb4 COLLATE utf8mb4_0900_ai_ci NULL DEFAULT NULL,
  `RegisterTime` varchar(255) CHARACTER SET utf8mb4 COLLATE utf8mb4_0900_ai_ci NOT NULL,
  `UserType` enum('u','s','c') CHARACTER SET utf8mb4 COLLATE utf8mb4_0900_ai_ci NOT NULL DEFAULT 'u' COMMENT '\'u\'为一般用户，\'s\'为商家，\'c\'为客户',
  `UserSex` enum('W','M','N') CHARACTER SET utf8mb4 COLLATE utf8mb4_0900_ai_ci NOT NULL DEFAULT 'N' COMMENT '\'N\'为不便透露',
  `UserBirth` varchar(255) CHARACTER SET utf8mb4 COLLATE utf8mb4_0900_ai_ci NOT NULL,
  `isVerified` int NOT NULL DEFAULT 1,
  `UserScore` int UNSIGNED NOT NULL DEFAULT 0,
  PRIMARY KEY (`UserID`) USING BTREE,
  UNIQUE INDEX `UserID`(`UserID` ASC) USING BTREE
) ENGINE = InnoDB AUTO_INCREMENT = 101 CHARACTER SET = utf8mb4 COLLATE = utf8mb4_0900_ai_ci ROW_FORMAT = DYNAMIC;

-- ----------------------------
-- Records of customer
-- ----------------------------
INSERT INTO `customer` VALUES (4, '345', 'wang', '188', 'Handan', '2024-10-29', 'c', 'M', '2024-5-29', 1, 109696);
INSERT INTO `customer` VALUES (5, '567', 'wang', '188', 'Handan', '2024-11-03', 'u', 'M', '2024-5-29', 1, 16);

-- ----------------------------
-- Table structure for order
-- ----------------------------
DROP TABLE IF EXISTS `order`;
CREATE TABLE `order`  (
  `OrderID` int UNSIGNED NOT NULL AUTO_INCREMENT,
  `UserID` int UNSIGNED NOT NULL,
  `OrderTime` varchar(255) CHARACTER SET utf8mb4 COLLATE utf8mb4_0900_ai_ci NOT NULL,
  `OrderAddress` varchar(255) CHARACTER SET utf8mb4 COLLATE utf8mb4_0900_ai_ci NOT NULL,
  `OrderState` int UNSIGNED NOT NULL DEFAULT 1 COMMENT '1：待发货\r\n 2：待收货\r\n 3：待评价\r\n 4：完成',
  `PsID` int NOT NULL,
  PRIMARY KEY (`OrderID`) USING BTREE,
  UNIQUE INDEX `OrderID`(`OrderID` ASC) USING BTREE,
  INDEX `UserID`(`UserID` ASC) USING BTREE,
  CONSTRAINT `order_ibfk_1` FOREIGN KEY (`UserID`) REFERENCES `customer` (`UserID`) ON DELETE CASCADE ON UPDATE CASCADE
) ENGINE = InnoDB AUTO_INCREMENT = 20 CHARACTER SET = utf8mb4 COLLATE = utf8mb4_0900_ai_ci ROW_FORMAT = DYNAMIC;

-- ----------------------------
-- Records of order
-- ----------------------------
INSERT INTO `order` VALUES (2, 4, '2024-10-31', 'Beijing', 1, 1);
INSERT INTO `order` VALUES (3, 4, '2024-10-31', 'Beijing', 1, 1);
INSERT INTO `order` VALUES (4, 4, '2024-11-03', 'Handan', 4, 1);
INSERT INTO `order` VALUES (6, 4, '2024-11-03', 'Beijing', 1, 1);
INSERT INTO `order` VALUES (7, 4, '2024-11-03', 'Beijing', 1, 1);
INSERT INTO `order` VALUES (8, 4, '2024-11-03', 'Beijing', 1, 1);
INSERT INTO `order` VALUES (9, 4, '2024-11-03', 'Beijing', 1, 1);
INSERT INTO `order` VALUES (10, 4, '2024-11-03', 'Beijing', 1, 1);
INSERT INTO `order` VALUES (11, 4, '2024-11-03', 'Beijing', 1, 1);
INSERT INTO `order` VALUES (12, 4, '2024-11-03', 'Beijing', 1, 1);
INSERT INTO `order` VALUES (13, 4, '2024-11-03', 'Beijing', 1, 1);
INSERT INTO `order` VALUES (14, 4, '2024-11-03', 'Beijing', 1, 1);
INSERT INTO `order` VALUES (15, 4, '2024-11-03', 'Beijing', 1, 1);
INSERT INTO `order` VALUES (16, 4, '2024-11-03', 'Beijing', 1, 1);
INSERT INTO `order` VALUES (17, 4, '2024-11-03', 'Beijing', 1, 1);
INSERT INTO `order` VALUES (18, 5, '2024-11-03', 'Handan', 1, 1);
INSERT INTO `order` VALUES (19, 5, '2024-11-03', 'Handan', 1, 1);

-- ----------------------------
-- Table structure for petsupply
-- ----------------------------
DROP TABLE IF EXISTS `petsupply`;
CREATE TABLE `petsupply`  (
  `PsID` int UNSIGNED NOT NULL AUTO_INCREMENT,
  `PsName` varchar(255) CHARACTER SET utf8mb4 COLLATE utf8mb4_0900_ai_ci NOT NULL,
  `PsPicture` longblob NULL COMMENT '二进制数据',
  `PsPrice` int NOT NULL,
  `PsIntroduction` varchar(255) CHARACTER SET utf8mb4 COLLATE utf8mb4_0900_ai_ci NULL DEFAULT NULL,
  `PsType` varchar(255) CHARACTER SET utf8mb4 COLLATE utf8mb4_0900_ai_ci NULL DEFAULT NULL,
  `PsGetScore` int NOT NULL COMMENT '购买获得的积分',
  `PsNeedScore` int NOT NULL COMMENT '兑换所需积分',
  `PsInventory` int NOT NULL DEFAULT 0,
  PRIMARY KEY (`PsID` DESC) USING BTREE,
  UNIQUE INDEX `PsID`(`PsID` ASC) USING BTREE,
  CONSTRAINT `petsupply_chk_1` CHECK (`PsInventory` >= 0)
) ENGINE = InnoDB AUTO_INCREMENT = 3 CHARACTER SET = utf8mb4 COLLATE = utf8mb4_0900_ai_ci ROW_FORMAT = DYNAMIC;

-- ----------------------------
-- Records of petsupply
-- ----------------------------
INSERT INTO `petsupply` VALUES (1, '猫猫', 0xFFD8FFE000104A46494600010200000100010000FFDB004300080606070605080707070909080A0C140D0C0B0B0C1912130F141D1A1F1E1D1A1C1C20242E2720222C231C1C2837292C30313434341F27393D38323C2E333432FFDB0043010909090C0B0C180D0D1832211C213232323232323232323232323232323232323232323232323232323232323232323232323232323232323232323232323232FFC0001108023D035C03012200021101031101FFC4001F0000010501010101010100000000000000000102030405060708090A0BFFC400B5100002010303020403050504040000017D01020300041105122131410613516107227114328191A1082342B1C11552D1F02433627282090A161718191A25262728292A3435363738393A434445464748494A535455565758595A636465666768696A737475767778797A838485868788898A92939495969798999AA2A3A4A5A6A7A8A9AAB2B3B4B5B6B7B8B9BAC2C3C4C5C6C7C8C9CAD2D3D4D5D6D7D8D9DAE1E2E3E4E5E6E7E8E9EAF1F2F3F4F5F6F7F8F9FAFFC4001F0100030101010101010101010000000000000102030405060708090A0BFFC400B51100020102040403040705040400010277000102031104052131061241510761711322328108144291A1B1C109233352F0156272D10A162434E125F11718191A262728292A35363738393A434445464748494A535455565758595A636465666768696A737475767778797A82838485868788898A92939495969798999AA2A3A4A5A6A7A8A9AAB2B3B4B5B6B7B8B9BAC2C3C4C5C6C7C8C9CAD2D3D4D5D6D7D8D9DAE2E3E4E5E6E7E8E9EAF2F3F4F5F6F7F8F9FAFFDA000C03010002110311003F00E715AA646AA68F5323D78CD1E9265D56A954D5447E2A756ACDA2D32526A3634A5AA3634921B237AAEE6A67350486A92219039A858D3DCD40C6B548C9813466999A01AB48924069E2A353520AAB00F14E14C1D29E2801C29E2983A53A8B0C7034EA60EB4A29D80535135486A36156912C85FA5577AB2C2A1715A2336566A69A91853315640DC518A936E68DB52CA4478A5029DB6976D41A21B4C3D2A522A26A0A1869869E69A680186814A6814C8648953AD4282A74140899054CA2A34153AAD4DC2C2814D22A5C52114EE1621C518A90AD18A41623C53715211498A43486814B4EC521A4524368CD06933481A149A4CD14DA04D0E07DE9E0D458A70A6492834E06982A5489DFA2934058506835612C6661F769FF00D9D3FA54DD0599418D40E6B464B199474AA52C0EBDA9A6268A521AAD21AB52291552406AD12577355D8D4CE0D40D9AD112309A6E683F4A6D52287A9E7BD5B8AAA2F5E956E11431976115A30AE6AB5ADBBBE3835B96960481C5613AB1896A0D91C319F4ABF1447D2AFDBE9DED5A31E9E076AE678B897EC5996911F4A942115A9F64C718A8DAD88ED5AC2BA64BA6D14318A43565E123B5446322BA232B91CA4269A6A52B4CD9ED564D86628A90464D3C424D03B1181522D48B01A996DCD4363488969F5288294C44566CA22A4CD4A6334D294AC323E694669DB0D384668B00D14F029E223522C545808C0A5DB5388BDA94C66A5A60562B4C2B568C74C31D4EA329B2D44CB575A3A89A2354AE228B2542C9579A1A89A135A2B92D148A734C29574C0698613568968ABB28D9567C93E94A2135AA64D8ABB28D9570414F16FED557158A2129767B55EFB37B52FD9BDA936348CF29ED4DD95A26DFDA99F67F6ACDB6558E4964A9964AA01EA4592B91C4E94CD2492A7592B3165A9966ACDC4B4CD0F329ACF5544D419A9728EE4ACF5048F4D696ABBC954A2436123542CD48CF5116AD1221B1FBA9C0D43BA9C1AAAC4DC9D4D48A6A15352A9A2C04A2A402A35A94503140A7014A05382D00340A7014F095204A6321D84D218EAD08E8294D31345068EA174AD064A81D2B44C868CF74351EDAB8E95114AB3368882D2ECA942D38AD4B2D22BECA0AD4E5698C2A4B48818544D561AA06A432234C34F229E96EF27406802BE29CA335A90692EF8C8AD6B5D00B1195A2E9136B9CEC50BBF0AA4D6ADA68D7570C36A115D8E9FE1C45C7C95D65868C90A8F905632ABD8B54FB9C2D9F83E4600CAC7E82B4D3C21081C826BBD8EC80FE1A945A0F4AC5CA6CD39628F3C93C2680702A94BE1AD9DABD3DACC1ED55A6D3D5874A6A5213513CC1B4123A2D467426F435E8AFA70FEEFE9519D387F76AF9993CA8F3B6D09FD0D44DA2C83B1AF463A70FEED44DA6AFF768E663E5479C369522F6350B69D20ED5E8CFA5A9FE1155DF495FEE8A7CC1CA8F3C36320ED4DFB13FA5778FA4AFF7699FD90BFDDA698AC70FF627F434D368E3B57707491FDDA8CE903FBB4EE2B1C57D95FD2A58AC9DCF4AEB868E33F76AD41A4AAFF0D3158E7AD347CE0B2E6B6ADF495007C95B7069E147DDABF1D9FB566EE52491829A72A9E952B69C31F7456B5D5BBC71EE51CD4369770DD3342485957B7A8F515366518D369A083F2D655CE979CFCB5DB35B8619AAB2D903DAA95D12D23CFA6D279FBB5464D20FF76BD0E4D381FE1AACDA583FC35AA666E279EBE8FF00ECD40FA3FF00B35E88DA50FEED44DA48FEED68993CA79D1D1BFD9A6FF63FFB35E867481FDDA6FF00640FEED5A61CA79FAE8DCFDDABD6BA2F23E5AED17491FDDAB50E9807F0D44E5A15189CF5A697B71F2D6DDB58631C56A4360076ABD15A63B579B562D9D31B228C56B81D2ACADBFB55E5B7C76A93C9AE6F645F319C60F6A8DEDFDAB5BC9A63435BD38B4437730E4B6F6AAAF6FED5BEF07B5577B6F6AEFA773091846DCFA537ECDED5B46DBDA816BED5D28CCC94B6F6A9D6D7DAB496DBDAA65B7A18198B6DED527915A5E463B51E47B5458666F914860AD1F23BE28F27DA97281986DE9BF67F6AD5FB39C671C51E4535115CCAFB3D3D6DFDAB4BECFED4E16FED4F9457282DBFB54820F6ABE20F6A70868E50B943C9A698AB41A3C544C952E23B944C54D3155D294CD947205CA661CF6A6182B40479A5F26A9405732CDBD30DB7B56B7934860A7CA2B9906DBDA986DBDAB60C1ED4D307B55288AE63FD97DA945B56B791ED4082A9215CCC16DED4F16DED5A420A70845315CCDFB37B52FD9BDAB4C414A61A4D0D3324DBFB5466DFDAB5DA1F6A8FC9A868A4CF170F4A24A833485AB1E535B96C4D8A7ADC56797C1A4F34D4F294A46A89E97CEACC1311DE9E27A5CA3E62F99AA3692AAF9B9A37D1CA2B92B3D337530B537755589B9306A72B557DD522B5022D29A990D5546AB319A06594A9945429561054943D453D569517DAA555A00455A9956855A914503B081690AD4B4D34EE162BB2D40EB569AABBD5264B45575A84AD5961511157722C302D2EDA7E28C526CA488CAD44C2AC1142DB492FDD535372AC516151885A43C0ADC8745964FBC2B52DB43DB8F9697320B1CF5AE96CE412B5BD67A374CAD6E5B696171F2D6C5BD8818E295C7631ED749031F2D6DDA698A31F2D5F86D00ED5A505BE3B54DAE1722B5B10B8E2B562B70074A218B15711285025C884454EF28558094ED9ED55C84F3154C551B43ED57B6535929F2073196F6E09E9519B61E95A663CD34C54B907CC661B61E94C36D5A862A618A8E40E6325ADBDAA26B507B56C18AA3317B52E51F318CD683D2986CC7A56C9869A61F6A7CA1CC631B31E94D3643D2B6BC8F6A4F23DA9F287318DF6219E95225981DAB57C9A510D1CA2E62925B63B5585831DAAD08A9E23A394398A525B078CA30CA9AF30F1941A868D7CB7B685898F9CAF715EBBB2B3756D25350B6657405307766B39DE0B9917069BB33CFF00C37E3DB4D51024E7CBB85E1D0FF17B8AED2231DC46B246E1D186548EF5E17AA7849ECF5299EC6E591039299E71F8D6AE85E2AD67C36FE5DFC46E6CD8F2C9FC27D455AE592BC41C651D19EC06D8376A61B41E954B42F13E9DAD22F93327987F849C5740101FAD5A443D0CB3663D2986CFDAB63CB1ED8A0C229D89B9886C87A527D8C7A56D79229BE40AAB0AE63FD907A548B6A076AD3F2681162938DC699492DC0ED532C2055911D3C25612A65A915C454EF2BDAAC84A36FB567ECCAE62A98C534C756CAD30AD5C6989C8A4D1544D08AD0294C31D7446363272287903D281055FF2A8F2BDAB526E5210D3C4556BCA14BE5D2B05CADE55279556F651E5D2B05CA7E4E7B52F91819356F60FAD26CC0E9C52B0EE561092BED418542F4E6AD0427A54334A9072E707B0343B205A918897F1A5F26A5B53E6C7E674CD4DB39AA8EA2969A157CAA5F2EACEDA42B55622E5274A8196AEC82ABB0A2C3B958AD26CA948A40052E51DC6AA549E5FB53D16A6DB54912D95BCBE293CBAB5B28D94EC2B953CAA43155CD948528B014FCAA3CAF6AB7B28D940CAA22A708AAC6CA5DB40AE41E55062AB3B690AD160B94DA2A8CC7CD5D64A88AF34AC3B9F3D521A75211581B111A8CD4C4546450171B934AA69B8ED522AD1601E0D3C1A6814B4AC31734D2682698C68B00F0D4F56AAF9A7AB51602EA1AB519AA119AB911A86868BB19AB49552235690D229165454CB5029A901A45130A783506EA37D202C6EA6161501969865A604AED55DDA91A5A859FDEA9098E66A6669A5B26A58A0790F0298AC340A9E1B49663F2AD69596945C824574965A62AE3E5A894CA5130ECF41DD86719ADB83484503E415BB059000715712D40ED5936D95A23162D3547F08AB6962076AD65B7C76A9160AA4896CCE8ED00ED56E3B7C76AB6B0E2A658AB55121C886387DAADC71D3923A9956AD4486C746B8AB0A2A3518A901A7615C900A762981A9734C42E29A464D3A92801BB690AD3E8A2C044569856A622908A2C040529A52A7229B8A561DC83CBA6F975671498A76115CC74DF2EACEDA4DBED4580AFE5D1B2A7C5211401185A5C53A9A690C4354F5991A0F0EDF4A870DB42F3570D67788431F0C5E05E08653D3DEB3ABF0334A4AF38AF3479FDBD909A33E60049ACDBFD18C5B9A21C7A1E86BA2D38FEE46F604FA0A96E1030F415E4D2AAEE7B1569A5A33CBAEB4E9ADA6FB4E9C5A19D7968C1EBF4AE9BC35F12AE2174B6D5119F6F1BFBD5AD474D127CC9C37AD725AA695F6825D079776BCE7B3D7A54EADF491E7D4A36D51EC363E29D3AF7FD44E8E08DCBEBEE2B6A1B88E58F7A36E5EB91E95F36A5ECF04E5F0F14E3EF81DEBA5D17C757968CAB23EE5C679EF8ADAF247372C59EE58A422B92D17C6F677F0EC91C24838E7F9D6F7F6BDB142EB22F07079A3DAC7A8BD948BD8A4DBCD678D66D3CC61E60E074AB715F5A49B7132FE74D5588BD9C912EDED4A2A65891FEEB823D734084FAF19AAE64C56643454C20CAF041E7AD2B5B91D39A57886A57A4C66AC9852204CB22AF1DCD44935A4ADE5C53A3B8EA076A39A216643B452EDA9FC92718E7341898718E6AD344D8836D2EDA97CB3E94E103923E5A7742B15F14605596B765E0F5A618F1C67E63D2939A1F2B20228C669CE873C7DDA89CB0F957926A255631D5971A6D8FEBC0E692564893748E140F5ACFD4F59B6D261FDE38F30FF0008EB5E6FAFEB77DACB3C693BC509FE14E33F53584B1177681B4687591D96ADE36D2F4B491CCE84271C1CE4FA0AC9D0B5F8FC493991D89766F95472117FC6BCD67F0D7DA799267E3A64F4AE87C05A749A4F88A346B80D0C9F2E0F1835128E976EECD124B448F658E311A85518029F8A9248CC6769A6577C5E87034348A6B53CD318D508AF25557AB525566A0088F5A00A0D3945032541528A6A0A7D32428A296801314628A53400DC514BDE92800C514528AA420C518A5C52D0223615191CD4C45308A4C67CE629714A29E05739D242CB5115E6AD15A8CA502200B5285A5DB4F0B45806629A6A4229A690C8CFBD46C6A46C542E681099A7A9A873CD4AB40166335722354A3AB719A96522F446AD21AA319AB48D50CA45B56A787AAC1E9DBFDE9144E5E9A64A84BD319E8024692A3325342BC870AA4D588B4D99FA834F41158C99A7A23BF6AD387476CF22B4ADF4AC63E5A2E82C64DB5816238ADDB2D37A7157ADB4FDB8E2B5EDAD718E293771915A5885038AD982D80C714B0418ED57E28B14B941C86C70D58586A548EA754AA5121C8AE22A90475384E29DB6AD4486C84474F094FC506AD210018A70A6D28140878A78A60A70340120A70A60A78A00776A31452D30129314FA4A0571B8A4C53A971405C8C8A4229F8A42281DC8F14629E4534F1400DC530D389A61A57010D27D683494001A4C13D28A3F3A431444C7B81F8D477F68D3E917B003B8BC4718F6AB31AFBF156A3E7A8C0EE2871524D02938B4D743CB6C222AA463183DEAC4A3AF7F7AB7AADA1B1D4E485178CEE1F4AAD260A7BD782A9B84AC7D03A8AA252EE66CEA483C561EA16AB20273CD6F4D93C1ACFB840DD4576D3472CF438CD474D178A41016E147CA7B30F4AE61B31B98DC1461D41EC7BD77B7B0F3F748F420D60EA3A7AEA28CF1FCB7483271C09057653A96D19C5569F5460C5792C0E30E476623D6B66DBC473EC07CE61EA33D6B9F65DF959372B8EC7A822A0491A3623AB678F735D0E099CDCEE2748DE2199191C48DC71CF5FC6A783C4D72C88BE7B285243107DC571F34A01F9791DC7B52C331500F727069F2227DA33D26C7C73A85BC276CEDFDD19356ADBE216A017779E4F0319ED5E62D79B519339538AB1652EF43F28C0C9CF73ED47B28F61FB467A647E3EBC51F2C99F9F38A6CBF10F5348D9D242555739FEEE4E07EB5C239521CB3E3A74A80BABEC27B74142A71EC1CF23A89FC5DA8DDC8FE6DDC9F32FAF14ED3BC53776DBA4F30E59FE66EE6B8F32BB163B8E5B8A956E8951CE318ABE48DB6279DF73D6F47F1C5EB053364AE76F3C003D6BA25F88162A30797AF173A898A261BB276EDFC2B3FFB49C4CD86C6C39AC5D2BF91A73D8F7493E21DAEE211070BC9CD46BF106333A479018E3F0E2BC4A4D41E14081CE3A9AABFDACE19A407E62339CF4F5349D1BF51AA89743DAF52F889120658BE6E814F6CD53B3F1A5CDD29F2D77BB7CA0E3DF15E416F34D7D70B18DE57209C7F9F4AF5FF00076811FD9FFB4AE54C76B1F4790F2CBEFDB3EF5CB5E31A51F336A4F9F57B1D4692D7B30324D210B8258FF0D63EBFE2E4B72D6BA69DEE386907F4ACAF1278B8DD13A7E97F25A2F05D382D5CD4595CEEE33DCF7AE6A74A52D6474B9244C5E5BB94CB7329676F5356162541C722A04C1FBC33EE29DF330C2F047AD76285B631E71ECE87822A9B33412896224329CF15248F81F375F5AAAD206F63438D8A8B4CF64F0DEB29AFE8B1CC4E2787E496B40D79DFC36BEF2F5E7B363813A118F715E9725B4A1CEE071EA6B6A53D2CCE4AD0B48AC6A26352BF1509AD79D1972B2092ABB5599066AB30A6A4839591F7A91064D336D4D12D170B1305C0A5C52E2929DC56128A2971557244CD1451F5A004A5A2928017D2945277A334D0878146052034B4C04A69A776A43401F3928A954531054EA2B98E919B69A52AC6DA42B45C0AFB68C54C56A3228111114D6A7B544C6901139A81AA67A848A60340A95453556A645A404918AB51D4082AC252652274353AB5575A954D4B289C3D3B7D3ADED269C80AA6B7F4FF000E9721A419ACDC92292B9890DB4D70D84427DEB66CFC3AF260C9F9575963A2A460612B661B0551F76B3736F62EC96E7336DA0C7181F255F4D2547F08AE8D2D00ED527D947A509315D1CEAE9AA3F8454C962076ADCFB37B528B7F6AD23121C8CB8ED00ED56E2831DAAD886A55880AD144872238E2C55A8D3142A62A65AA5126E00797FEE7F2A9C62A3069B9F27AFF00ABFF00D07FFAD55615C9F3464533346EA043E8A66EA506801DDA9453734A2801E29C29A29E2801C29E29829E2980E14EA60A5CD048EA31C52669734C028A334520131486969A4D03421A8D8D389A61A5718D34D34A69A690086928A28188053D033300066900AB512A6323AFA9A684DD89122540377E54EC67A74A0B2A72C72699E696FBA0F357A11AB303C4F69BC4570A013F71BFA572649563B9C7FBA3AD77BAAC293E9F323E4F1BB8E6B83955118E03E7D02E057978985AA5CF5B073BD3B762B4A323FC6A8CE831EDF955A9671C8E9555B73648463F5E2A63A1BC969A999708A067E63F862B12EE2D8C258DB6BFBF7AE9258B2A7EE8ACABB85594ED0ADEB935AA660D2396D6AC85C43F6FB750AE3FD6A572F246E8E43AF38FC4576A245B7BAD8CB88A43B5875AC2D46D45A5C3215E4375FD7FC2BB694AEAC7056859DCE71C92C7B6569092141E4F4E9572EAD9D5B728C8EB54890571E9D2BA133998E6DDB4311F85695890B12803258F359677390A39E6AE593EC76C9FB9D287B0D6E5EB89955319C966248AA4D7242FB9A6DDC80C9F29F97150C432433FDD1CD081EE58798B0FC31CD4D03AEF55C8C1C6455361C051D7A9A5E239F839EC29B6235649B80DC73C7F5ACE6955A46DBF799AA49E445B4383F313D6A8A9C90E4FA9A945327B99CF4CF5E78A8E305C0E3385E79F7A6246F712E1466BAFF0F7867ED32879C62319DD9A52928AD4718B9334FC0BA025D5D9BCBAC45696E373C8DE9DBFC2BA3F10F8965D540B1B31F67B08FE5C2F19ACBD43551E5A699A680B6E9F7DBEEEE359C3CB66092314CF7078AF3DAF692E667747DC5645D41B5408FE65FEF0353C4C1B29F787A74351456EFF002BC6A1C74241A9C47237DD5CB0EC6B68A21C852AC9C27CCBF95539E5954FDD61FCAA4962987237A1F63C5464DE0FBC9BC7D2B548CEE5479C93CEE1FCA9F0B3336075F7A9FCB790FCF6B81DCE7153A246B8C2F1E84D268D20F5367C232B5B789EC655C11BF0C47A57B5CD2F991F38C75E7A578868818EAD6B850A8B283F5AF648F171683D71DEB16DAD105549B4D99971749938C71E9554DDA63AD65F88AE56C5B01B1237720B91CFE42B93B8F114818C65FEE9C75EF592F68D96942C77BF6A46EF4E401CF5AE12D75B773D6B66D35E8D4E19A8739C43922CE9FC9029EB1D629D7E00BF7C54B6FAE40FFC6297B690FD92363660530A135047A84529E1855C49508CE6B48E23B994A89188CD2F966A61227B50D22D6AABA666E91032E2995233834DDB9ADE32B994A1619494F229B56881281451DEA891C29C29829C298828A5ED45033E764153A8A8D054CA2B94EA485028229E052114058898542C2A76E9503D02216A89AA66A89853110B0A6EDA948A50B4011AAD4AAB4A16A55427A0CD2182AD4C8A49E33572CF499EE08F94815D469DE1B55C165C9ACE5248A516CE6ADB4E9E7230A40AE82C3C3A4905C66BABB3D19100F92B660B055C7CB5939B66AA2918763A2A4607C82B7ADAC55474ABD15A81DAADC70E2A146E0E44115B0038156921A9923C54AA95A46066E44222A77955602D2EDAD1448722AF9547955648A6915690AE57D98A50B5211498AA44898A514628CE2980B46EA6134D2D4006EF27FEB9FF00E83FFD6A7EEE6A2DD51E7C9FFAE5FF00A0FF00F5A9016C35381A881A78A43241520A8C76A905310E14F14D14F14C4C514E14DA514C070A5CD3734B400EA29B9A334807E68CD479A0B50161C4D309A6939A290C09A6934A69A6900D3494B477A06371453B14B8A62100AB119723F91A829CAC474C0A0196047DCE49A7118E3A0A62F3C9FD686745E704D513A8344AF1321380E31EF5C25EE9A4C8DBE4670AD5DD467CC3CA8C7B77AE06E92499A657BB964C48406488271E9EB5C98949D8ECC23926ECCA525B4319C95E7DCD5298B670983F8E69F3451270012C39CCAF9FE7552698A290CEA0FA0E057323B5DCAD3C2E725E5007A0ACBB8D833862C6A6B9BA42483364FA2A66B2E59F39E64CFA1AA4499D7E40566C647703AD57D561FB5694974B9696DF86CF71EB566F5832EDE87FDEC5476727FA1CF0B2603A1CE79ADE9CAC73D68DCC089FCD531F073C13DAB3EF2C023868096DC73D3D7A53D6511B380E0E33CFAD5C864328C3F455C8AEDBD8E1B5CCAB65CBB0C65C9DA3FAD43B99252075CD6AD844183C8A47C8C32C7F126A95BC1E6CB24AE70A993CF7355726C4642870CE720544F316E3A52CB3068B6639CE7350A8C119E9D6988D0B4C34811F25BB5305B97DCF9E031A8ED9CFDB22F7AD19D561D39B673B896CD4BD18D6A8CD21E63B5413CE055F8349795D43300377E956F4A8112C965755E58F5EB8AB50C8195A66E1795C31FCCFD29393D914A3D593DB59C36E111148663FE7F0ADED42E9EC6CA3B181C07650656C7E9585A248B79AD22B01B231BB23F8BFC3E94DD5AE4CF793CA640ABBB3EB815CF3D5D8DE1A2B8FB532CD3329DBE52F032DCFE35D2416514D101819F51D2B8EB59041209909CB773FE15D2586A89D1DD95BA70D8A87BE868B635BEC6D0818CA7FB40641A7B0BC2BC00FE8454F6D7A580F9C3FD08CFE55219A42731E14FA118355164B33DE6BC518D8DF9557696F19784031EA2B55AE2F01FB8AC3D2A07B97C65A4F2FD8A56A8CD99C12EE5619DA3FDD19A9D2CCC64191C93E83AD3DAF59C6D8E60DF41CD40F22443CC99D47FD746FE9432A3736B4A64B5B91339DB26D3B14364FD6BD0B47D49AEACF310DDF435E396F7135C5C4F3226F091ED5C9DBDFEB5DF7846EA50BE5CD2C6D8FE143C56155685F52D6BD6375725E579D978E1539247E3C0F4AF3996CAE5EEA568E0C2E72C47217EA6BD9EF6DC3C398D518633B4F2735E7B7F6F72EF3798EFB777DDEC71ED59C24D3B0ED7471D25E3DA3321EA2A9BEB12EFC82456BDDE99BDCE10F359179A6343C918AEB8A8B31939203ACCC47DF352DBEBB2A37DF358F240C2AA9574354E9C592AA33D02C7C4AE8465CD745078A9768CBD790A5CBA77356E1BF7FEF5633C3A66D1AECF60B6F10F9CDF7EB5E2D4438FBD5E3769AAB2B0F9ABA4B3D74AA0CB5612A2E3B1AAA8A5B9E8E97609EB5712752B5E7B06BC0B7DEAD7B6D6D5B1F3538B94499462CEACB8349D6B36DAF564039AD046DD5D709DCE59C07518A705CD3B662B54CC9A1A29C3D29314A0555C90A5C52E28A00F9E9454AA298A2A415CA760B486973484D02236A85AA56351353132222A322A5229561773C2D324AF8A7A4658F0335A76DA44B291915D1E9FE1E0304A54B924525739AB4D2A69C8F9702BA7D37C36060B2E4D74B65A322630B5BB6F60140F96B2949B2D45231ECB4748C0F9456DC162AA0715762B603B55B487151CB72B98AD1DB01DAACA438E82AC2C75204AA5021C88963C54AA94F0B4EE956A24B60169E0533751BAAD226E499C5216A8F3467D69A10E27349DE9334669801A43416A616A005269A4D04D34D170109A43F5A5A4A40262940A514A0503183F73FF5CFFF0041FF00EB5585A6A8A00F27FEB97FE83FFD6A62261520A68A78A043875A70A68E94B4EE03C519A6E697345C07668CD368CD1701D9A334DCE29A5E8B80E2D499CD3339A506900FCD26452514005252D140098A314EC527AD00368A5A4A004269436DE69A6938EF4012AC8739C7E42A5193D481FCEABEE6E829EBE9BC01ED40AC5942B9E393EF5C1DF5ADCC41F687CB13F7463BFAF615DE46153EE8CB572DE2FD421B68CA4CE00C72AA3391586222AC99BE1A6D49A5D4E06F25F22464F317767910F27FEFAACE292BCB922564F7181FAFF855AB8D5628C6E4896341DDFBFF003AA725D4DBB7B3298DBEE85439AE5B1DFCC25C403CB2133C0E7073FA562CF1E1CFCBF30E73D2B65260C8D85C77E0555BEB791E2F363707D57D6A909B30AE994C673D7D0D661B868A3703241CE456A5C42DB5B703B7BEE1DAB3EEACB31EEDCCABB86D39CE3D2B7A691CF55DCC1936B4DBA3E71DF1D2AE5C0FB1D9ABE36991738153C11C76F2C8EC15936B718E7E959DAE5EF9C563FEEFA5752D7438DE8AE4BA46F962741FF2D7A1EC31D6B3DE5C46C808C966CD5DD127D96EFC80172C7DAB2D8ED94679CF5AB5B91D062AEE0DEB4FC7EECFFBD8A265C48768C7B5284253774F5AA113ED09716C71D31BB15A1AC002D43A918CE463D3D2B3407E2E7FBAE38AB77F28B876E3116EDC07F9ED53D4ABD91A96D087D16119DC982D9CE327BFE1556EEE0F94117000032B8EB4ED3EEC5C581810E0C27200E377F9F4A65DDA99E3F38E56451CA8EB51B3B15BA1748BD4B590BE42E46067BD4725C19677DE79627F1AAA3CC87F778F9CF3D33CD4B1467CC1E603B8FA0E95324AF72A2FA165598AE189DCDFCAAE46ECAA30378F4C544B014197E33EBD854A9F2B027807A66A12B9AB669DADD190019F9876AD38F5198612395C1FEE37358705CC7E6289061BB115A4A04A0FCCAE3AE7191F8F714EC2B97FFB5D90FCD8CF7C535B594F94B1F94F73822AAAF2C3284AFA8F9FFF00AF48D630026444C7F7CA1C7E6298139D4D652763C9B7FE99375A98B24D6ACD1B88DD475650C6B1E7B4D877AB28F790FF005ABF0874D3E4F3366DDB80107F5A4DB29245713916CEEEE58B385C93E95BBE1DD45E3B8401B68CF5AE5EE70B1C51750A327EA7FC8AD5D09C25D2602F5A992D05CDEF1EC514AD3DB2E72723820566DEDA6F98BBF2718C9AD9D20A4F668DB7069D7D67BD4FAD71CAEB5368B57B1C15E4691CA004CFAD73DAB9590FA576D7BA7484B74FC2B96D534B6452EED8F6ADA8D4D42A474D0E524846DE959D347CF4ADB976AF159B738AEE4CE368CB686A36F9055966E79A8DD370A6491457055BAD68C578D8EB590C9B4D3E3936D4B486A47430DD367AD6B5ADDB023E6AE5609F1DEB4A0BAC639A868D133BFD32FDB206EAEC6C670EA335E59A7DF0460735D8697AA8E06EAE79A69DD1B45A6ACCEE148C506A85B5EA3A8E455D590374AAA753B99CE03826EA0AE2A44200A6B1C9AEA52B9CEE361B4628A5AB20F9E874A7034C14B9AE53AC767BD349A3AD4896EF21E94C44079A7A5B3CA71835AD6BA5172322B76CF471C7CB4B9AC1639DB6D1D9C8C8ADCB3D0871F2D7476BA5AAE3E5AD7B7B0031C54B90EC8C5B3D1D571F2D6D5BD82AE38AD08AD40ED5723800ED536B85EC5586D40ED572383153A45532C754A24B9112458A9552A40B8A774AA5125B1A1697A504D34F34EC1714B5349A39A4A62168A051458028CD14D26980A5A90B53334668017345266969008690D2D18A431B4A2976D380A062014F02929C2810E029C0520A70A62183F71FF5CBFF0040FF00EB54E29A299FEA3FEB97FE83FF00D6A6227A334DCD19A007668CD368A007E690B62985B14C2D9A2E3242D9A6E69A29D480514E069B4A2801734B494B9A621D9A334CCD1BA801C4D2669B9A4CD003B34D26909A4CD2181345373499A009023375E3EB52A322F00F3EB55AA7854B3600FC4D31164CA113DABCB3C7973E75FF00CB2B463A1218633EF5E9B7718F20832EDCF735C26A5A7598B86926CC8D93CB64035C75A52E64BA1D3874B5679D5BE997313B10BB371DD94F995BEA0FF4AD7B7B468723CA1B5B923A83F43DAB6657B6813F728231F5ACE9EFD54FCB20CF71D2B3E66CE91AF696FC11B90FA1ED55DBECF131DDC71C8AA175ADA92548E7D54D63DC6A4EDB886CA8E30C2AE316C9722E6A7325AF206E43D31C8C57373DD091DA308572390076F6ABCD3894049B3E4C8339EBB1BD41AA135B3DB891193E755CE3B30CD744158E79BB99935CF996CC46E5C6085F5E79AC2BB93CC9998F735B93EC31A32236092003DAB2AEACCA5C48380109AE881CD3B9269A92324A17EEEDF9FE9536A3025B6D0A338AD5D234FCD9C8E8C4868F6F07A9CF5AA1750B06C4C47EF7732FB7A517BB0B59198EDFBC67E30452A296DA9EB492290A3DC569E9966CD219A41F281F2FB9EFF855B64A44D15BAC9A7A818DDBF047AE2B2752943BAAC67F778FCEBA3B7C4B76485C22EE241FE2F4AE6EF2D1D6EA6C0F941DC3E95317A8E49D87E96FE4CDE6761D456A190ADC03D8BE5B3E959FA74624B79632873F7D4FD3AD5A6E018F07613F7C761DA94B71C76340033DD90B0803FBF8E4D6847A5957C46A0CAC7939E05640964826E48C7DE27F90AD482FDC46AEEDB118F04F5358C93368D8B6FA5C71E3CC6F324F61C0FC2A1BA83CAB5DC46DC9C671926B522B9876AE549761C67AFE55A2608A58C79A17A74A952B6E5F2DCE5238C4A98DA1863BD5A8C79614A2B7A6476ADA7D34BF2B844EC07F5A824D2646505249BE88FB6AF9D11CACA06E55530793DF9DBFA8A55BE48725932B8E4E7FAD5B6D3EE00F9A3253D4B73F9D50BAB4B90C194C4BEE464D174162D0C347E75A3F991FF14640CAD567BA8E1DC52323230421047E2BDEB05E79ECAE564497F7A38193D7F0A9DAE5352FF52CB15C0FF962DC2B7FBA7B55D896EC58DD1CCC5A293DB1CD6DE8F2F932A9DE07FC04573D6E922CBB6457461D41EB5BF6817602320F6EF49AB8267B17872F05C5AA82C0FB835D01883AF3CD79AF8675296DC6E71BE307E623A8AF4782E15E20EA72AC335CAE3D0D6FD4A5776A98385E6B8DD6AC5E573852C7B0AEE6760413D2B2EE88F25C7C8B9EFDEB9F583368BBAB1E4971A5DCC92BF970B10BD6B3E7D3D6164134AA491B9953F87EA7D6BBAD4FE48A5DCFB57D7D6B89BB947926344EADB8B1EB5DB4A6E463520A2634B0804E2AB3F15A2D1B1EA2A0784574DCE7B19CEBBAABB8C5683C58AA92C649E29DC56224908ABD6F27BD52F2B15246FB0D268699BD6F3918E6B62DAFDA2C735CC4337A55C498D66D5CD14AC76F63AEB2B005ABAED3755599465ABC823BA2ADD6BA3D275468D802D58CA9DB546919DF43D72194381835636F15CCE95A9AC8ABF3574314C1D7AD3A72E84CE23C8A4C549804518AE94CE668F9D4292702A68ED99CF4AD4B7D30B638AD9B4D27A7CB5CF73A4C4B6D30B638ADBB4D23A7CB5B56DA6818F96B5A0B203B54DC665DAE98171F28AD682C40C7157E2B6C76AB71C18ED458572AC56A076AB91C38ED53A458A9550552892D8C48AA758FDA940029E2AAC4DC02D3B81494B8A620CD252E28E280131494EA69A602514669A4FAD003A9A4D34B5349CD201C5A9292940A0031462940A705A431B8A5C53C2D285A008F69A5DB52629280198A29DB6971400D029C050053C0A004029E29314A05310B4B9A4C514C08F3E47FD72FFD07FF00AD52D25447F71FF5CBFF0040FF00EB5004D4C67A467A672690C5CE69452014F02810A2945005380A004A7518C5069D8419A426834D2698067DE90B5349A6934807EEA4CD3334B9A063B3499A4A434805CD28EBC9A6D380A009235566C7357E28846B9C5416CA49E1703D6ADC876C67BD52D15C893E8616B17D046DB65384EE702B95D43C4769144DF66990B7DD0883EF1FAEDA9BC5179E5CAC57E6F66E7F4AF35D5759BC9242AB75E581C058E01FE35C0AF3933BA31518A2EDEEA57579333711FF00C00E0FE3591731CD226438624755359E2EE699D9FED12B3A8FEF9CFE54E49664546495B279DC3A37D456AA09073B1AD1B48A43ECDEA3A30C7E34086196356DC38523E6E39F4AB934FB76BB41B931CFCB82BF8546F636D3DBC8F04C5777F037186F506A9225B2A0B6921B7CB004A7524FDEFF00EBD39713C261DA0BA8C4473D475DB5602BC701499495C7CD8EA07A8F5159F2235B3AE4155E76BA9C8C6722AD221B33C8090BA469F75F08A7FBC33FE35CF5FDC192E5C0C819EF5D5DEC6AE3ED3191B9BE62A07FCB4C73F9F5AE72FACA431C9758E87B7F3AD60D194D33A2F0C5CC52E9ED6E482E57681ED9AA9AE59FD96F20924E523038EDFE79ACEF0A3C8BAC2AA1EA3A574BE2D459161E0E31B8E68B5A7615EF13928A1CCE49E53935B1087711DAA2FCCBF3B0E991E9F9565ACDE6131A0C10BC923B0AE83C3EA6E6EDEEDC1201033FA554993129EBA3FB34EF8F8661D73DAB9F8AFDC4819FE6EDCD6AF8A6F44D75E48FE0E2B1ED6CA4924525484C8E688A56BB09377B23663300891B063DAD918E854F515295CC72C318DBB5B6827D31C7EB45BA2B5BA719DC4ED2DEC4D4E886E2E55224187560DCF4C77A9290D86C639642EEAC5610379FEF1F41528609721E46479BA81DA35AB2B0BCB0F936C0242ADCCC78FA9A95A5B2B3595C2F9AC4677B0E3E8054B2D10DA1BD6692554C00DF2BB7435A505E476C40967F3E53D702B2E4BB9A446331DAA467150207926DA0F0BC1F4A86AE52675F0EB09B7257F0A94EAF2B2E12251F5E4D7265BC963F31C1E1454D0EA6F19208CE38E953CA5731D0C9713C9F7DD957A0DBC1ACABE3249F222DC3FF00BBFE340D64840CC876F724D452EBE187CB00083AB3C9806AA2989B4737A85BCD1BF9926D887640D926A8C6EDB863F21EBED5AF77AAC5719482DA36627EF60E2A87D94CB26F72B93CFCBD056F1DB53096FA1AF6576EEAA1CF98A3A67EF574BA6BC32A6DD89D2B8FB54F2DC2E0647F7326BA5B07C80371E3F31430B9D6E8F849C1889523F84F435DDE8F314536ADF28FBD1FD3D2BCCED2E4A5E2B2B83D8835DEE9D38B8890E4875E54F715CD3D19BC7546D5C8C2FBFA8AC4BB739F9D5BD8D6B4931788865F9C76F5FA573BA85E6C255D5D47A8ACE4AE545D8C7D6835C1C20C05F5AE667813631032A1B05BB1F615AB7F7D044FBDD9E65073B0F19AE5EEF56799F6AA958C7DD5EC2B4A516152482EB748E5CFE5E954994D5813965E698E3BD741815255AA8C87D2AF3919A84B20A6265368CE2AB3821AAFC922D5490834C43A17C77AB4270075ACDCB669EBBCD268699A2B71CD5FB6BA2A47358A99CD5C85B152D148ED749D59E365CB1AEF34AD48CCABCD791DA4A430AEEBC3D719DA3358C95B5344EFA1E8D03EE519A9EA8D9B6631CD5E02B483BA329AB3383B7D300C7CB5A9058818E0569476A076AB51DBE3B56762EE528AD00ED56E3B7C76AB4B0E054A13154912D90A42054AA98A785A762AAC210714B41A2801453853452834087D2D341A5A005A292909A0009A696A466A89A4A00797A8CBD465F340C9A571D87E734E029156A654A2E0342D382D4AA94E094C446169C16A4DB46280198A31C53F146280198A36D3F14B8A008C2D2EDA936D1B7DA8019B6940A7E28C5003714529A434009451485B1400A4E0546CD9A42D9A4C6695C7622FF53FF5CBFF0041FF00EB54E05005340F23FEB97FE83FFD6A00900A781CD0053C0A76108053BDA8A4AA10521A290D0021A69A5269A68B80D3EF4C34F34C3486252D252E290052D18A50280155493C0A95507D4FA0A48E32DEC3D6AE4512E78E68B037624806D4C9AC5D7357F22368E33CFB56B5E4EB040C49C5709ABBB3B17B99D2DE16EEFF0079BE8B5857A8D7B88D284137CCCE5759BE69589948E7D6B89D48877C3C7F42335D4EA975691E7ECD0CB27ABCA76FFE3A3FC6B9B7BC97CC500A20CE70A983514D1D1329C2AB228C3AEF5FBA08E73F5AB8BB998B6C8E41D1D4F073F4A73640218C6FBBBE4023FAD3D482C086F9B1D0835AB3343A4E61C7CFF2FBF35992DEC70821F201C02C3B7D456A6372905011D3AE4561EA56ED1C9B9738E9B5BAD28EE12D8D7B2FDF43B461E366C824FF005EDFE7355AFA258D5A19B1E59CED6C7287DFD6A4F0E46190AACC147F718639AB5ACC0A6DDF6AED61F787F5AD0CCE2AEAF8C4C6D9C90C08079EE3A1AE922B55BEF0EC994DAE149C9F4AE16F5CBDC156FBCA76FE15E9DA15BB1D2952443CA0073DC7F8554D592260EED9C278607D9F5E4761F2E4A8CF7AEBBC41E5CB6E5FEF6F38527BE3FA571DAD9365AD6D8C6D4520F1C66B5758BCF3349B56F3300024AE6A9EAD325689A312CA17919DC1F99BAE7D33CD756907F63684F8C9DC339F7AE634795A3BA866DE0A97F2D97EB5A5E27D48B5BA40A720F19A72BB7614745739E8D24D46F49EACC775749A85B086DE254F942A0DFB7BD1E18D33369F686524B376F4E734CD7E4F220756663230DBEC39A6DEB6145697667C175B2348C60AAA6141F535A76A9F6489E276DAD2733B8EAABFDD1EE6B97B49D92E15C7247DD1EF5D7DA58C93C7103C0FBCEDDD8D12561C5DC91A466B751958E1DDF264FEB8A64B2C7804A01C8C29EBC74CD58BB8D20388E35771D39C91EFED5CB3DDB3CEC5DCB1CF506A52B957B1D08114CC46C27918039AB32AA4682356019BEF11D4564D8CD34BF2C4BB474DFD6B4E68BCC89234C9663D33CD66CD13D0ACF8F39E667FF5638C74155A321F705C855FBD8EA49ED56AE23447312B64AFA776A824529098D0EC1FC67A93ED4D0994A59242E444391C339E6A213F3FBD41363F1A9245DECCB9C228EE6A045C93B721AAD1996BCF475C344CA3D14FF4A951372606D603B1AA1F3673C7D3BD5DB6C31E33F414F60DCB9046D91BDBE5F6E6B734F01580DE41ACDB7DA87E77E7D2B56DA754C0207D28B858D39951991F2BBFEBCD74DA25E332A8CF4F5AC1857ED71EC3B4F1C6455AD398DBCFB18E39EFD2B3A91EA5C1F43D0619D64401860D56BEB68994EE50C0FA0A8ACDD5A305587D0D5DDA0A6073F5ACAC5DCE1F55D2A360C62F2FFE042B83D4E0922970CCAABEC2BD7AFACD1F71C00DFED571FAD687E72962AA7FDA5615717613D51C01B82AFB77647AD4BE6165E29F7DA42C0C4F9CDC760BD2ABC6C8842649C7526B7464EF719296155989AD7F2D1D6AA4D08534C0CF604D2A40CDD6A72029A6B4E10520B0AB028EB514ACA9D2A36B966E2A3396E49A007AC996AB711AA20E2A45948E940236E095548E6BA7D16F84722F35C2C32B135B9A74FB5C7359C9685C59ECDA5DF078D706B6567E2B81D0AF77051BABB089C18C1CD631972BB1A4A37D4D358B15284A5E29456C620052E28A5A0029297EB499A041452668E6801452D36973400ECD2E699BB14D2F4C094B546CF5197A6939A402B393519E69D8A50B498C605CD4AA94E0B522AD2182AD4CAB42AD4AA298802D2E297B529A621A6929DDA92801314B8A28140062971451400B8A31494B9F7A00290D19A4A004349D294903BD44EF4003362A22D9A42734015250E0334F02900A7814242140A785A50B4EAA48572103ECFF00F5CBFF0041FF00EB54D9A4CD45FEA3FEB97FE83FFD6A6225A29282680109A6934134C2680149A2994E1486045348A9314D2280198A00A5C5281400019A9150FA6690026A548F711400E5466C55C8D362D2471AA0C0EB4E6E16A92B6A4377D0C8D6EE4C711D98071F7BD2BCBF5798B4CEE58BB9EE7935E83AF36E8DB27F0AF32D514190F39AF2E5372A8CF4E8C1281877923B1E3007A5456D6EA0191B20FA7AD49246AF260A93F4A9649EDE28F6F46C7715D3022666DC9B6563B11973D78A9AC54ABE3194EB82466A1B87424E0BFD2A7B0288DF2DBC9283D98FF855999AE2DFCD50000091FC4BFE1546F6C3316DDB181EB9FF001ADA849DA0BDB8423900B7F4A86E2FC22ED263551F4CD0909B395B285ECEF94A36E8C9E98DC056D6AB166D0E76B9DBC6052936370DB97CA2FEB8DB524F06FB72A532B8F9406EB57726C794C9031D40BB636ABF7E335EAF6920FECF48CE079A8327D48EC3DABCEF50B493FB6123D9F2338EA3AD7A0DAB2ADA46BD36F6A73927644C20D5DB382F13D93BEA0AA8B9695F8FA9AA5AADABC490C32301B61CE7DEBB7B9B786F246C0198DB70E6B9BF11C21519483BD87CA2AA13D91338EECE6F4E8FCEB858C31049078AB9A94134BAC9873BFA114DD1A348EFE3329C7CC36B0EC6BAF9B4C8FF00B621BB40071CD5CA5664463789774F8BC9B2555CA0DBB97DAB93F132C8CAC3390A7939EB5DADC3C291C6B1E0919C63AD71FE2A49190C8A3F779CB7D6A13F78B71F74E7F4A8BCDBD8D71B8E7815E9D6766DE4EFB8FB8ABD0702B83F0CDAA4977E6C8C005E809AF407899AD898C292781BC115737A9105A1CFEBD7CA637861C60F1843815CFDA586F9327016BA997C3C6593CCB993777E06055DB7B6B7B70A16361EE801A9B9562859E9EDE4848E36031C9C75A90078372A44A0F4F941E7F1AD82B98B010BAF7E79FCAAB4D1C401D90ED3FAD432D18AD0CE30CCAA9D4E14F26A94C8F19C98D867B11802AD4ED995872AC0F1BAAAA47F3E4C849F6CD340C84C42746F9DBAF4D9D6A392D76BE01270785538AD331A04C3C92371C8EF54658A385B72E727D7AD5A21A2BB2FCE1080AD9CFF009356625755FBB8FC69408C05DDC93FDEEB4F0DB9C6D3FA526C6916A39481EBF4ABD6F3156FBA31F5ACE465CF39CD5889B6B7C80E7DE926368E92CEE8F0700FB8ADA8DD2E554E7F7ABDFA57296D31C8CF0DEA38ADAB5971C938EF544D8EB34F90EDDADC30F5AD50DBB187C1AC0B0983637751F9D6B90B227BFD6B26AC5DC9A46254AB6D61585A844A14E11947A8E6ACC972F03105F3ECD54EE6F1258DBCE4D8DDB0FD68486713AC58BB1623E6FF007C573370363FCC40207615D7EA5739DC132BF8D71D7CDF39CB739EEB5B4519C99343373D69F39CAE6B2639D81ABF14BBD706AEC45CA32CD8245405F35A33DA86E6AB1B5C1A40570454832474AB515A2F7AB2B020A4333842CDDA8F24AF5AD4DAA3A0A8A44CD032AC6706B42DE4C10455029B5AA68A5C52634765A35EB248BCD77D6B7D9B7539AF27D3EE76B8E6BB4B4BF02D979AE7A9136833D5B3F9D149466B6301D9FA519A6D191400ECD266928CD002D14DCD216C5310FCD34BE2A2692985B340C94BD3739A68A701480514E028029E1690C685A785A7014E0280102D480629052E690120A70351834E069812668CD301A7678A042E6933499A33400B9A334D26933400FCD19A6668CD003F3466999A33400FCD216C546CF8A899F345C2C3DDEA2249A3934A054EE310034F1401522AD3482E0A2A502900C52E6A891D9A4CD2668A005A29334668023FF51FF5CBFF0040FF00EB53C9A09A84FEE7FEB97FE83FFD6A0090D30D3A8C5218DC53C0A00F6A7014C04ED4869E6986810DC50053B14A05218AB9AB31E40F4F7A8901CD594527FC6813254181EF4C98E10E4E29FF0076A09C80A4B1A2A3B44515791CCEB786435E75AA67CC6ED5DE6BB7002B638AF3BD56E06E6C106BC88BBCD9EBC15A062DD4863CB6F39FE55C86A3A9CC256C31FCEB6B519B395073EC78ACE82D0BCC1F7F9633CE7915E8D2492BB392B3E88C4FED6B946CA3B29AB10F88B5518114D267FD85AEB574981D43EC81C0E4B0EF56A1D1EDA371811A8F7AD5CE3D8C5425DCC8B08752BBB57B8BDB99846A338DF8CD50D0ECE0D42F2E1EE198AAEDDA19BA66BB59A041632A46991B4F35C4688DE55FCD1B8E1BA03C64AF5FD08ACD36D49A3495958E80E816C1BF72CC98E7862B9F7CF6ACA835CD42DF5396CE2912648C721FBFB67B56DF9E5D76824851C9F5FC3FA573B67037F6F5EB91D36F6E79E6A212D1DC24B5563A5B5BAB2D45D52E61FB3CF9E377427D8D6E4FA6F996E7CBFF005A064572E210F1E1978AD2F09EBDE7EA12E9170C59D17742E4F257BAD447DED8D2F6D198A3CEB2BC2F33154DC46DAABAF42DE7C87392CA1D4FF76BB6F13E9A8043748BC07C30C75AE575247902051F2ED3B8F753FE4D6D4E57667511CE59407CC8DD9404276FB67B56DDCDC4B6F1AA96C4A171EC6A3B5B772C03742C473EDD0D2EA2DE6BEDDA4045C1FAF15ABD4C56849A6CF73756A0C884B8E86ACEA7A14BA9C08B9DA7A9AD5F0FD8EDB40ECBB771AD0BFBA874EB379E5C0545C9A87BE86AB6D4E4F48D0D34CDEF3B6DDBD49353DE788AD615290F99291FDCE9F9D63477D36BD334B2922327E58C7451568DAC5E5E719FA7AD4CA5676625AAD0643E21B99E422DE08D08EA5D8D69C1797B3292E9186FEFA1C83F85737A7A29D5AE2160C02FA9F7AEB6D42C51FC801E3BD6B26A2670BC9146E359B9B06FDFC28509FF0058878FC7D29F26B10DCA139DAC7B1E47E7589E22BA7FB644B192189C30F51E9EF566E34976D312E6D860818641DE87B26527BA1659925FE30A4763D0FD2A346B40C4B9DAFEED5CBCD25C47230CB0F6A84CD2139249AB50337511DA0BB4653187F93DBFC6A296DE02B91927B735C9ADC49FDE6AB906A2D1F19C8FAD1C8D073A66D0562BB785F6EF4C23C9380B8A6437F1BAE06735306120CFF3A865A1CB293F7BE507D2ADC2F8E467E9C55431A05E7F306A5876F183BA9156356DDF77AFE15A96D2BA38CB707D6B26139C7A8ABF04AA485279A64D8E9EC640486538F6ADF8999E3E0E1AB92B40782A71DEBA0B39DB03349A18FB9937E639539AE7AFE0E4EC930DD7E6E2BA7B80258F3D7DAB9EBE8D909D87763F848A224B39BBA763957E1C77F5AC2BB4539DD8CD6F5E90D9DD1E1BD2B06792362728723D6B544B32D906EA9E01B4F5A64AC18E4547E6106AC8353865C55591581C8A5864C8AB60230A2C3280761522499AB2D6E1BA546602B52D0EE48B834A40C557C95A707A43192266ABB215356C90698C07B5003ED1C8615D0C174C220335CDC4C0356A45361054B571A763E8BC514B499A090A4A334D27DE801C4D34B6298D262A16968026692A267CD47BB34A290EC3BAD3C0A6A8A9545218014F02942D3C5002014F029338A375021F9A334CCFBD2E6801D9A514DA70A0078A70A68A70A005A33451405C28A434940C3346693228CD002E6933499E68240A0076714C693151BC951E734AE03CB1340A45069E1690C00A785A72A54817155626E342E29DD28A434C4293499A28A0029734945003B3C519A4CF1466800CD251450045FEA7FEB97FE83FFD6A9A93BD47FEA3FEB97FE83FFD6A009A9C29B9A5CFBD00069314B9A2818805380A29EBF4A403E3519F5A9C13ED5006269E996A04C90B678AA577210A420CB55EC00315148A3159D58B71D0A83499C26B50CACAC58127DEBCF755B798337CB8AF63D4E38550961935C16B112BB1E83E95E52BC2563D584B9E279A4D6B2BC9C83F954AD62EB66708A1873D706B7A6B0F31F952D4E1A6C51C272BB47A66BBA1339EA40E52C358F25CC12CFB31C65856ADBEAD193825593FD93FD2B3F54D07CD769ADA45F5DA78CD650D36E47CCF9461DD7F8BFF00AD5D2ACCE57747A044FE65B93BB72E7A2B715E7DE24B696C6FBCC898EC2C0EF1D9877FA7B54B6FAADCD9CE3CC797603F837FF5AB7D2EEC75884C7305590F04714D7BAC3E25631F4AD621B86092111CD8E509E0FD2B55615491A6CA867C1639F6C573DA8F84AE6262F68C92479E11BA8FA1AC96B7D6211E5ECB903D37E45672A3196B1761AA928EE8E9F51D562B580A871BB181589E1CBC74F1558DC03B4BCFB3FE027AD514D2350B86DCF1B67AE5CE6AEE9D6725AEA50C8E7FD5C8A4B9E839AB8C6108B49EA27CF369DB43DA7558C4DA3CDDB032335C3DCA7EEC7AB10DC1E0E2BB592759F4961C6597815CADEC1B91501E777A7BD735396A744E3A18A0794017391901403EB55EEC19265F97E56F94E3B568884467201E4FE551BA0F3943EE233F8035D57D0E7B6A753A64223D393D702B8BF1F5FB909689FC472C2BB48E7F2ECC65EBCCBC593FDA356241C95181ED44359054BA895740BD5B798C4FFC5F77FC2BAA8210FB957241F9ABCF98B87CE083D78F5F6AD6B0F10CF6D8493E703BF7A7569736B133A752DA33A2874E923D565B851F2B47B5C0F5CD5E9664B5872C4000735827C59F29D91BE4FB56749757BAD4E228D18A9EC3A7E26A15394BE22F9E2B62C5B07D675EF3392886BBE8ED82C06353C800FF00FAEB3741D163D36D72EC3711963566F7508D188461276C86C1AA96AEC871565A946EF4BB62EC5D5067F1158D79A5DA236D4D849F41C7E7576E3512598EF1B7B8E05665D6AB0ED2506E93DEAA298A4D19975A594E473EE3A5506B674CE456ADA4925C4B970EC3D3A815A9259ABA0F9074F5AD2F632E5B9CBA4BE5FAD5EB7BB6CF5229D7367B58F3B7FE0354CC52A9EBC5276635746CACDFF4D073ED53C5281DC1AC4432018241AB90C8D919159B46A99B70DC3745CFD0D6844C5B19E0D655B3A3000F5AD3809E31CD21B37EC242B804823D6BA1B7F98021AB94B57C6370FC6BA0B2948C6791408BF2CAF1F3F7877158FA84926DDE89E747DC0EAB5A93FF00AB2DFC35CFDF34F6EDBA33B91BD7A7FF005AA922599B712AB29DB96FF658722B12F82374F949EC2B4EF26338CE4C6E2B02EE69558875FAD68886CA138D8DDC544240696E64DCB953F855457E6AC86CD481EAF4637563C526315A56F2D00694686A5F2D587355E37A9437140C866B71551E2DB57D9F3542E1B152C699119314C69322A07739A6EE3525126F21AAE47390839AA21FD6A6561B6988FA949A4CD319C0A85E6C5401333E2A0796A079BDEA167CD2B8EC4CD2E69BBEA1DD4E5E695CAB1329CD4AB5122D585E2900F51528A8B76290C94C44FB80A4DF50192937D0058DF46EAAE1A9EA68027069C0D44B528A043853C53053C74A60385387D6999A5CD201F9A334CDD46EA00713484D30B5266801C4D2669A4D46F26280246702A1796A17973480E69156250735228A620A99173400E55A9952915714FCD3B1371718A4CD216A6EE14C43E929BBA97340C5A314668CD200A5A4A2800CD266909A6E681D87E68CD33346695C2C3F3466999A3345C2C203E4FF00D72FFD07FF00AD52E69A0D307EEBFDCFFD07FF00AD54493034E1CD301A5CFAD0048053C5440D4829012285CFAD4B9007A546BC76A78E3AE2801C2A199B629F5A94B71C553B9276FBD6756568950576606AB33B6474AE3EFE3624E73F5AEAF50C2EE2796AE535177E4935E4ABF31EAC348E862BA65F9FD4D4D198B66C7E7F3ACFB994A9F6F5AA1FDA6F1365222DFE7D6BAE0AE44C5D574E9EDE43736F9753CECE9C561CDAB453064B98195BA67EEE6B713C46A1889F663DBE627F2A86F348B1D650CB0E5643EA0AD7545DB7392499CE892294E37607F788CE3F1A85E320E580650721D1B18AB92E833D89C7CA63F526AAB2B2F267CE3AA81FD7A568999B4CB36BAD5D59632FE7424F56E49F6CD759A5EA1A7EAA81594093A9527A5708BFBC62102E0F1C9C83ED5358BC96970AC46C1DC16DB53520A4BCCAA73717AEC767ACBDBD859BBA001B6F0715E593EA7712C8EBBBE567DDF8D75DAEEB3E75B794131818F96B93B1B46BBBE4071D724D2A10E54DC8BAF3E76944F4BD1AFE4974E89A524E1785AB12B79A08C609E72474ACD82448A18A14C61462AF2127E690E4D72A693B9D2E2EC56CF0C858903BE3F4AACC4283D719EFDAAE4854210A07E75933B60B1638EFCD74465739E50B12EA3ABB4168E81F3C715C1FDB5659DDA7C963D1BD0D743A9117168EA1887F4AE44C655C2935BD14B530ACDAB1D3E8F6106A4BB1D407F7AD53E0AB793A961CF63543C3572B03E1B07DFB575779AF45696DB826E38EBDAB1939F35A26D150E4BB31E3F0769B6F96998B01FDE6E2A7FED0D2F4C430DB2A165E3082B0EF354BABF66669084ED8E82AAE198A066201FE21FE15A28B7F1332724BE14695F7882E643B577479FBA3D6B23CEB8672C3CD2C7D4E6A7F2115871230EBC9C7E740BDB78DCE14315ECA3AFE35697621BEE527B7BC9392A7152D8E98F3CDFBDC851D73539BE79B1B2DC007FBBDEAE4315FC919F2A2755F4E94C5A1337971288AD8F3D0A8E2ACC11395FDE2E3D8B54DA76952361E75CBFB9CE2B45AD8E707F222A24CB8A3266B5CC7F7370F502B2A4B48C9F9815FC08AE99E0553CFCA7DAABCF1A36417208F6CD67CC69CA73A6C50742D8FCC54896CA17A66AE48CB19F9486F7514C5911B27A1A77B8590450FF74FE06AF5B92B8CD565393CFE7566362A7A1C7B501636ACCAB0F5AD7B72D1639DCB5816A7904D6EDBED78F1CE6A88669C73E50F75AC8D4BF741A44E633D6A52D243F37503B8AA97730604AB0563D41E86A910CC4B8972095C3A565C8F0CEA632307B67FC6ACDD43872F136DF6CE45674B22A1F9D73EE2B444B33EF6D0C649159C383835B735C2B29561B96B1E755DC4A9AB4672449191562394A1AA31B62A5F32981B36F393DEB462706B9D82623A56843331C5219B0C89B6B36E94126AC2B92BC9AAD70720E290CA5B066A45894D576660D52C5266934512FD9C1F4A0418A764D2EFA047D1D24F55DA4CD3324D28526B16CB484CE68009A9561CD4EB0D228AEB1E6A758F15284C52E31458571A06282D4A4D34D0210B53771A5C501281899A70CD3D63A9162A008D56A745A72C752AA53108AB5205A50B4F029886814714E34C348009A4CD358D3734AE3B0FDD46EA666968B80ECD2669A4E2A1925A603E4971559A427BD359893DE80B9352C7614735322D224756523C53062C6953018A41C514C91FBA9A5A90FA534D3002F4C2F48C29B83480903D3C3544A2A451400FCD2E69B8A5A0076697348052E2801A69A6A4C526281DC6518A7E29714AC1723A5029FB6971C53B0AE3714BDA971CD25310D1F27FBBFCA9775069BD290C915AA556A8053C5004E198D48BC542B8F735303ED480793C552B9E41AB64E6A091430358D54DA2E1A339ABF8C9DD8FCEB95D420C6771CB7A0AEF2F63448C9C0AE335405C9DBF2AD79EE3CACF469CAE8E42F15771DDC9F4AC3BC3BC118F96BA0BE4F98ED19FAD624F0924F7ADA321C95CC92BB5B877FA20C55EB6B68A65DADBC0FF0078D20B721BEE31FA0AB7021046E0C17D31815B29331945146E3419892F0DCEC4F4F98D541A6794FF00BEB9CB7A051CD767002F1ED0011ED4D934D566CA4487FDEC1AD14DD8C9C15CE6A2B585BEEA8F72462997301424E327FD9AD8B980C79DCC5540E98AC65D56D62BEFB3CC38EC48C50A4DEC1CA96E60DE5BCB23606F65EA053A3B496CEDF7A001DB9E9CD76C6CECE45DE8A30791B6B2F57B6F97E5F9557F4A875FA1AC68752ADBCC582E0F4AD417040E38AC7B75C22FD3815A11E4AFB8E82B2EA6FD090CE3CB25AB1EFAE30C4E38F4ABD70DB63E7D2B06F6463919C56B0319952E2E1B929827BE6B3EE2067C4CA9F2D5909E6647A9ADAB2B20F6FB1D303D0F35D0A4A073383998D6533C4CAE9C30AD407ED4CA361C9FE16E2A63A2F23E63F8549F62F29328E777D334F9D3D89E4696A529EDC46DB83B11EC6A3689D22F323650A383F2F35A71861C6727D00C52CD64275DC139EE0FFF005A9A64B464248CE0090B60F1F2A0A995515C6CB5DEDFEDD3D63BEB76C44A5D7FBAE3A5695B4BAB370B6B1FFC0B8AAB9362BC561793BEF485231EDC56B5BC315AEDF399837D4D2886FDD7F781223E89CD51B9D32693EFDCC8475C66A5C916A2CD63A859A1FF005D83EB4E17B0B2ED328AE65ACA688637971EF5112CAB8F987D3AD45EE5F2D8E9A6982019E47AAD665C5CE47C8C197D0D65ADDCD12F50F19A5DFE61DCA4FD33CFFF005E958772C9915F3C61BD29BE5FCD9E86A3452DD0E7D8D4EA09EC46290C146D3939FAD5DB739033DFD2A28F0DC63E6AB11C60729C7B5522597A14030477AD6B5908AC6B79369C31E2B42390AFBAD5A44365DB82E3F7B6EC377743FC559970E27899A35DB22FDE43C55996405791C1AC8B8B96864CEF2CBEA7A8AB466CCBB990339284A3F7ACF9252787ABF79E5DC1F323E0F71D2B2656EAA720FBD5A248E6751D2A8CDCF22A577C3106A07354886301A713C5463AD069925885CE6AF47391C66B3236C1AB48738A4CA4CD78662F5395F96A8DBB638AB832C28B0CAB22826A2180D5A1F65DD51BD991CD160B91AB714FCD304454D49E5D219F442444D58486A544C548062B9EC6AD8C58C0A76DA7E698CD4C421A8C9A524D2500277A5C5285A902D218C09522C74F54A95529888D63A90253C2D3F1408605A77145358E2980FCF146EAAED262A332D202D16A696A80494EDF9A572AC389A314839A78E290080523305A479001559E4CD170B0B24B9EF51724D18CD48899A57188A99A9D22A7C71E2A6000AA484355314FA4CFA528A6216969053A980628DB4A2969088CAD26CA94D25003027B5382D2D385002628C53A9280002940A4A5A000D2504D34B5003B3466A2DFCD24B3A4109964276AFA77A0095E44890BC8C117D4D66CDADC6A488622FEEC7159FA8CB34973991B2BD531D36FB553354235A3D66E659551218896380307FC6AC9D66159DA3743B54E37AF39FC2B3AD97ECD6925D9FBEDF245F5EE6A8D007591C91CC9BE360EBEA29D815CB5B5D496B3078CFD47635D2413A5CC0B347D0F51E87D290C940C7AD457F2BDB59B491B6D7C8E7152838AA3A85B40A8F732195B2C32A0D084CBD34B3C6A8D1428EA572C4B6314C5B9BF65045A4641EFE65576B68ADEC6E4A3BB168F90CDD2AA5B8B43026F86ECB6392B9C51603426BEBCB740D25A2004E3EF55CB7699D09B88846D9E0039AC3B916C113CA8EE54EF1CC9D2BA200E7352D0D1CECF757774AE63B4464562092D5CFDE0BC96610FD8A32EDF7537726BA682510D8CA7617669885503BD5416B24579BEEE46B791C65640323E9ED5CB2A5766F0A9CA8E61F40BF71BE5B08957D375645E422D5C21B18579C13B867F9D757ACCD346E2DED2F659A63F92D735AC4573B2D0172596500BE02E4D4A4AE6CA4DABB31278F22E648ECDA4111C2E73EB553CAB96505F4B450791BD97F975ADCD46DD96CEF5A6B838E3AB13DEA9457317DA12D0AB9DC8AD114E3B74ADA36B1326DB2A4506D1F3DA81EA23563FD05695AD9A5CE5134DBA61EBE615FE54897932ACD72F14715B2C8179EAA3D6B4DEFA481224B392495E671B19BE54DBFF0002FE95767D8CDB4BA9917BE1AB6BC86E0C2F71693C4470B33364FA1CF15C6EA3693E9EC12E2117233C48132735E88D1DEB49A8BC4615F997AE5B1D7E958F717D344B89AD7CE03AB76FC05672938CAC6918A9232747D5639A68ECE48F6B9E8076FAD6D6A7A66FB66645CF1C01DEAAD8DCE98F742496010C80F2DE95DADB5AC3341947DC0F7AC650BB36551C51E48F3C304BB1DBE61D47A5598E74900DA72B8EC6B6FC4BE15305C497B6D097079702B9955578CB270070474C5696490E379F5259A6458FE7217D05625DB2CB928D9CD5CBFF00B3C30F9929159F0DAB5FE23B74906EFE2230056D4E29AB98556E2EC3B4E83CC98458CBF5AEA52C8A463E53EF57B40F0B7D8E2DD2E59CFDE26AEEA561288192319F97823B51386B72633D0E5352B8962B7758B0AFDBDAB1ECEEAEA3CFDA9C11573FB06FDE4712CA00FE139AB90F86619789AE3E6F507A554524AC449B6EE534D4EDCBEDF3003F5AD1B5B98CB6164443E808ABB0785B4CC00ECA5BB36719A9E3F0DD8ABF0880FB818343B7405725B78C4982D86F7ABBB100E05226916D028CC11E3D71B7F514F96310AE53CF51FECCBBC7E4D9A689772B4838E091546661C8600FB8A9E4BB8978691863FBF003FA822AABCD6D3705EDCE7D7CC8FF00C6A5C532949A284C3BA1CE3B566CD223B1DC36B7AD6C35AA3FFAB4F33DA29D58FE4706A8DD5A5B807CF5BB88FABDBFF8350A03E7334A1DDFD47069563C1EC0FAE2A58E1B60FB52F414EC1D1863E9C1AB10C51BFDDBB849C74F9BFAAD3B30E644511607E6E6AD853B7703C1EC6A78AD3CEF97CC8811D087A963B37438015BE8E28481B2BAA8E08FC2ADC3B4F34791B4E0AC87FE014E5FDDB728E0F73D8D35125B1CE98E452C77383B1B834E6FDE2118E9F76B32E1DA3EC76FF2AB48CDB3464B875538607D08EB59B3DC0986D6C67FBDEBF5A805E3AE4F556F4E9556699246CE7637E956912D90C8AF148761C7B1AAF212FCE306A499DC019E6A0DC48E2A892A4A7279EB501F4CD4D39CB7239A80E7AD568430DBEF498CD3D549A4652B4C422AE0D5D831DEA86EA9E290834811B2880AE56AC45215E0D674139C55A5941EB48B34565E29AD26EE2ABC7260D5A455614C4567383D6903D5A7890D45B145219F4974A3752525731A8A5A984D3B14A16818C029EAB4F095204A008D52A554A7AAD48169886AA53C2D380A5A0426DA5C7D28CD19A0063542EC053A69368ACAB9BD543D6B9EB5754F737A545CCB2F20A84CA335972EA480FDEAAC7534CFDEAF3E78FD743BE1827637964A955EB121BD0C7AD5E4B818EB5B52C5A91955C3389A1E6014D7B802A83DC67A1A8D5998D764669EC724A0D174CBBA803351C485AAF450D52D496471C59AB291E29EA8053B1569117128A5029714C06E2940A76DA7014086814BDE9D8A5C5003694D2E2931400DA29D8A314000A514A052E2801290D38D34D30132290B535AA266C52B8C797A89E5A8DE4AA92C86A5B1A45B1373599ABDCEE9D6007E58C64FD4D3D24CB8FAD64DD485AFE7CFF7CD38B068D3B5C5EDB1B56FF5A99688FAFAAD57B7B77B8B95840C31383EDEB55A199A3915D0E194E41AEA6CFC8987DB234C3C830DEC7BD55C820BDD365B831242D1AC31AE1413551B45993EF4D0AFD5AB780E2A8EAD69E7DB79AA3E78FF0055A2E064B69A17EF5E5B0FF81D5CD302C13343F6989C483855CF5AC822A6B138BF83FDF14C0E90565EA73DC491C8821D9023E371EAD5AA5704E78AA9AA9FF8973F1FC4BD6A50D959EDFECF1F94B768A654FDE197A9FA5490B3246234D5230AABD153B5497BE62225C048A4455C32B8E7F3A86C04377772CFB11542ED58C7A77354212E4F99180350597E607078C7BD6B5885D8CCB72D38638C93D2B255D2CBCDB69204924CFEE8ED0739F5AD7B646860457DA1FAB6D1819A4C0A164F7296EFF6789642656CEE3F76ABDF34AEFE55FCC553AED8D323F3AB9A7AC91DACC8731BB3B6D27F9D2F97A828C0B88A5F675A868A4CC51A746D213617BB59BF81C75ACCD56C254483CF09BFCE18282BAACDCC52076D3E32DD3747516B36C9B6D8E39F34573CA0FA1B46A77382D62C3CCB7BBCC6EDC8EA7DEB2F5616F67616B1BBAA5C30511C710F9BFC7F335D7F89D1E3B0BBC1DABC723EB5C38B3612FDBAE718540B08CE7B53A72562E4AE24771E644B0DB2C6208F724AED8241EA48EC2A8E952C9F6C12A4ACE72522773F337AEDA9E7D3E4B8476B56F2EDA76C484FF0FE1DEA49ADA409147A7A794F01E1DCE1997D4B7F0F3E9FAD6D76C86922FD95F0B61A88BB709FBC5F93A9EBDEACBC2B346CE5381FC3FF00D6AC0B67C49A97978DE1D4995BA2FAED1FD7AFD2ADC174FB87CEC117B1EA4FF89FD2B19D3BBBA3484CB096B0BCB99635403A719ADEB39E200471B702B2C5F2165429FBC3FE7F2A9FC91B838E71D315318B45B9266CCCF1C919438E477EF5E53E28B49B48BE9661183673721D3F85BDEBBD69B0BC6401EBDEB3F5248AEAD9E293956EA0D74249E8CC799C5DD1E526E62D5552D821370CFB531EB5EA9A3E91158D9C48C89BD54648EF5CC699A259586A4D2A850CDEBFC35D709E540A1197818AD9251D11949CA4EECB9230DBB578158B7EB7A43185811EA783569AEA5191F295F6AAD2664390D8E3B1A896A38AB1CCCFA5EA32B6259B72FBF045306857031E65C360746CF2B5BED017FE339CD356D1B20E491E99C7E5505991FD8E831E71CFA48848AD3B6D2248B0F05D31279D929CFE47FF00D756D2D3862AC71EA074FA8A9110C1819010F43CEC3F4EEA69D983627DA27B421668CE4F6FBB9FE86A296F51DB0B2AA49FF3CAE176E7F1E7FA54B78CE54C6E763638C8C83F877FA8AE6EF249ED701F0919FBA1D77C6DF87F855905ABCCB11E6DABA16E8D13060DF40720FE06B2E58124601664DFFDD90189BF5E3F5A913508D4EC9375B6EEBC79B0BFD41CFF005A99947961C308E23C061FBD81BF995FA7E828714C5768CD7B3B8083F72E4FF787CE0FE5508BABAB6DA164923ECC0363F4AD1789223BE484C20F1E6C07721FD7FAD344534800827F387F77393FF7C9A561DCAC6E9A6C7991C12B7505E31F30FA8C1CD4A92D9CC07996AF1B72B98DFA1FC7FC69AC9B1B6BC0148E781B48FCA99208527C32B8571C329041A00D268223B5D2661E9BD707F319A7FD9D9D37261CF7D841FC6A08194FC8252727B8C1A9C232364007D71400D961F3130C19641F81AA8B3CA8DE5B3B861D39C66AEFDA5E2600B9643D3273FCEA8DF3A16CBC4873F748F97F953426CB30DFC8A5773123DF9AAD75700393B10A9E33549A78770CB489EA48DD4324AFF344CB32F7DBC9FCBAD5AB90EC46D2A6E63E480C7AE09AA770EB92C2318FF7AAC311D3A30EC6A19402B9E87D2A9325A2AACEA32361C7FBD434831C201F89A88E37D04914C92099C9E48151A30279A74C41E95128E6993D4B68AA6878B8E306991B63AD4AD20DB4145171B4D0AF83448DF31A8F354417127C5594B9E2B281229E2422A6C3B9B29735720BACF04D73E929AB09718C7341573A45F9C706A3685F3546D6F3A735A4B760AD007D21B697654A169715CC6A46129C169D8A2818014F14C14F14C43C53853334E06801F452668CD0216A377C0A52D55A76C0A993B22A2AECA77D76114E4D713AC6AC637386AD9D6E7658D883CD7996ADA8BB4AC1ABC8C45E72B1ECE15282B9A73EB4C4FDEAAC35772FF7AB9992F79EB4C4BDF9BAD66B0C753C42D8F44B0D5338CB56E43A806C0DD5E616BA93260026BB0D0125B960EF59FB1717A04A7192BB3B3B7CC983CD6A436D9ED51585BE14715AF1C61457AD878351D4F171134DE8322802F6A9C2E3B514B5D691CA18A314B4B40098A5C528E94A2800C52814528A04028A3A526EF4A007628C528E6971400DC52629D45002628A28A000D30D2B1C5465E95C6908D55646A99E4AA53CB8A96CA48467AAF21CD30CB93D69579A4318A1838AA77764E6FA460F1AAB7CC37B815AF1C79ED49A8589B8B71220CC91F6F55AA88999B169D9FBD756C3FEDA56CE9A9159870F790B2B760DDEB0553152018AB4667591CD0C8DB239A366F40D552E2EE6595A587698203B641FDE3DFF002AA5A723450B4C83334A7CB8BFA9ABD24715BF96B0A79B3463E65EBF89F7A6063DFDBAC53078F98641B90FF4A4D3537EA1101FC27713F4AB72C6A51ADB7AB44E7746CA3011FF00BBF8D4DA5DA1B785A5917123F001EC2802F93939AA771626E6425AEA411939F2F156F1EF51DC4DE42009CCD21DA80F4FA9A943646F60934FBE595E441F762E805492D9A31DC8DF679718DC8BDBD292E1A6F32DEDC4A53783BE4518271D8542D34D6CB74824F37CB5565761CAE4F7FE74C44C9A75B2C65591A42DD5D8F3525BC3F65DC3CF92443F743FF0D47B65B69A0FF497984ADB595F1CF19C8F4A866D4909611413CA55B6B6074A4D8D108D3A005BCC9249189CFCBF2E2A68F4EB527A49FF007DD565BD8E5589E395D33285236F39FEE9ABF0CE0CAC91C724ACBF7B66303DB24D64DB6CD2C91326936C7FE7A7FDF74D9B4787E4647752ADBB9F9B35A16CEB2C7B9430C1C10C3041A65CCEAAC62547924C64AA6381EE4F154D3B19DD5CE47C4CA9710496ECDB03F70335C55F3C61E38E31E73A284031C7FF005EBAED700B8693EFC413EF875E7FFAF552D343B711ABDCC33C4AFC0693186F407D2B922DA3BB4B2391685D57CE9A4CF6DC3A0F651FE45579E26BE9B31DD4B6D1E06E400903DFDCD759A8DA5AFDA1E2DB2BBC781B234E82B9EBA92D141480CEEA39768D3EEFFBD5A424D93248A3E4C7146D6D6A59DA46CBBB7B77A43B6140F8C85FBA3B93EBF8D5E16E90463636EF31410DEAA7B55594A9909E0E385FF1AABB6C5649105B190CEF33B723F9F615AB677C47CAE7EB9AA202C718FCCD43E6853C1E4F355726C74BFBAB85C291BBEB54AEB4F6DA704D51B5BA31B6EE8A39ADCB7BC4B8015F86AA4C939AB8D31D5B7A6437AD22ADCC7FC59C115D2CF1230E31559A15E78AD132598CA2E0E726A558A4DD924D5E7454E6A1926553C552B13AF410A679E9EB49952086FC7FC6AB49704B735135C77CF3D0D26D0D265F0DC94E920FEEFF0010FF001A6190E78DB96E707EEC9FE06A92DC79918E7E65E54FF4A46B952A4B0051BEF8FEE9FEF0A4316794A46C231E644BCBDBCA794F753D47D47E358735CBB965B426E11B3BED6651E60FF77B38FD7DBBD6A4F27CCBB9C823EE4E3A8F4CFF008D62EA16BE7498C6CB8FBC390164F753D01FD0FB55264B2B4496B7687ECCEE8E3AC69CE3FE0079FCB754F62B3DBC9FE8EE1BB32C7F7BF153D7F5ACB96659A4C5EABACCA76FDA513E753FEDAFF17D783F5ADFB32ED6EBF6F54B88DBEE5C467A8FF7BAE7D9A816A4AB0ACCA64B6616D2F46551F237B153D3F51F4AA6D1426429710B4120EAD10E3EBB7D3E86B5845C7EE64F378E33C3FF00F6551B049008E4051C7DD39C60FB67A7D0F1431950477217314897318EC7E6C7E07915526FB3CAB8951A239EABF3007F1E7F5AB7240D11DD8C6DEB8EDEFED514D3BB03E62ACA3DF86FCFFC69010244C54796E25C7743CFE5D6A513FCB9CE187522A8E61693F76FB1B3F764F97FF1EE9FCAA49649500F353767A6FEA7E8C3AD3E50B8E9EF0E36B1041FC455492E565431B82A7FD9A8E4D926423946FEE49C7E47A7F2AACDBE37DAE8411EA39A7611201BF2BBD4FA678A9A1574E0AF1EB5028C1CF18A99323953834EE492CD21206F0241FEDF5FCFAD547489C7C8E636FEEC9D0FFC0BFC6AC348587CDCFD6AB4E485C8556FC2A932594A789A26C32E0FF3A8D9B2B5279ECBF2E3E5EEA7914A52171904C47D0F2BF9F514C933A53CD310FCD562E2DE441BF6E57FBCBC8FCEABAF06A897B9657E6A6C87031481B0298CF9A43232371A3CAA913935295A6248ABE59CD3D63A9B1CF34E09DC5170B1114A6E083564AE45319314031D0960456923B6C15991C983579251B690D1F58D19A4A315CE6C2D18A00A701400DC734E14E0297140868A7518A0FA50019A696A426985A818F2D504B865C529350492605448A8989AB5B8746AF2BF12596C91997835EB1A84A3CB6AF38F1161B7572F25E47646A5A279CCF2B23914C8A5667C0AB1776E5A46C52D95AB79ABC574FB2D0C7DBEA749A1690D70EAEFCD7A9E89A72C11AF15C7F876308A9C57A25832845AE6F66F98D9D5F74D7B74DAA2AD06AA91B7153035D515638E4EEC9B3EF4ECD4429E2AC91F4A29B9A51400EA70EB4D14EA00514A2928EF4081BA533BD3C8F5A61140C7A9A7EEA8338A50D4809734D26806823340099A70E690253F18140113F154E493156A56E2B3E6E6931A2392E00159D3DCE78A92E0355310BB35496390B335695BC44E3351DADA11C9AD48A1DA29A44B611C605594F94D3318A3762A8453BDD2C4A4CB6F8573D53B1FA564982613AC2C8CAEC71C8AE877F148646FAD3B9363316E6379D9639D6248576C649EBEBF9D5F86F6D846AB6EAEE7AEC45C9CFB9A162849FF005117FDF02AD27CAB85000F403145C2C574B7776DF380A9BB72C00E403EA6AC1E69D8A08A18C663BD5498C515F3BDCC459195446DB3701EA2AF62946474A101423561A7B6EB72F973E544EB9DA09F973E9566D2D96DA2F2F82CDF34871F78F7A9F07341F94517158A76F12A48D72D0AC6CDF2C69B71B57FC4D6335E88A19030703CD721914B679F6AD3BDBB11296CF4AE4A6BA37571E540A55371270C7A9A8722D2342DD66B89D6608C04972AFB3BAA818C9AE8B4F06D03C72A4846F6757452C1B27DBBD50D2ACD9107515B6A7CB5C54A1B27174561F31A0947CD80B8C9FAE2A17DD05C4E591DA394860E8A5B0718C102A78CE7934F91B087154DE86696A605D5B35E062B138D8EACBE60C6FC1CE31DAABEAD7B1BDA3DB4692079383BD4A84F735A171218C337535C46B9A93EE937CA4A8EBCF6AE3E65B23AE306F5647A8DF882E2EDF91E6491853EA315CE69FBE5B8DCE085371210A47DF3EBF4AC2D53519EF2E042B212CE78E7851DCD5ED399DD86D66C28DAA49E40ADD6886D6A6AC84C5656C1810562C60F5ACEDEA33239C28E952DDCE064BB123DFAD60DD5C49732041C2F400531742DCB7CF70C6387A9E33566284A202E7269DA75879718661CD589509F614D099017C2F3C0EB56E09180DE0E0F6ACE6469650074156A4996DE21FDEEC2A892F2DDB47F79AA54B92CB91DEB2A08DE6FDE49F2AFBD68463E4C8E9DA9886CCE71C9AA733FCEA054D2BE5AA2D9B98B9E9DA8B8159FEF3FB5552E4B37A1AB331D84FAB555C6E9D5076E4D310D89D83120FF00B5556F6F1A0F9D30739E3B1F5157FCAF2DC03DEB0F515625C7A9CAFD684264B1EAB1EC5CE4C2DC293CEDF5535698ACB6E11FF7B6E79523AAFBAFF8572D64E16F1A097FD4CDC1FF0067D0FE15B3A74B2595CB5B4DF3267A7AD5B256A497569BC0598E41188EE00EDFDD61FE48F7146986E34E9A4840186E4A1E430FEA3DEB5A48D55495C346FD47AFFF005EAACE04081D57CD8B24E07054FB7A1F6E86914587314CA4C27CB93AB23F23F1FF00E287E2075A81AFDA26F22E531C70AFC823FD96FF0022B2EFEE94469344470DF7D0E086FE86960D412E21105CECC93F297F9518FF00EC8DEE38F5155B92F4363CF86E136C52E245FBB9FBE9F87F10FA567FDA0125655191C6F8FF00C2B26ED5A22E537BAC44160FC490FD7DBDC71F4A9E1D463BAB6DF3A96993EFC89F788EC4FAD161263EE60DD996260E3B95EDF51DAAB2CD2440F96E533D47507F0AB00EEF9E17DF8EE9C30FC2A37DB27DFE0FF7D47F3140109BA8DFE59E1C7FB51F4FFBE4FF004C53D232CBFB8759A3FF009E67A8FC3A8FC2AB4D1347F7BA1E8C390688532723AF6229DFB8AC5A440DC2FCADFDC7FE8690A946E983E86A4339C6D997CD1EA786FCFF00C6A45FDE0FDDB09547F03F0C29EFB06C44718CB715526C927078AB73B26CEA57EA322A8739E1D1BD83534896C899594D234802F2B5234871C8CD40E4114C921CE1F723153EA0E2A391C13FBC8D5BFDA1F29A763069CCBBD6A9326C572A87EE498F6718FD690A328F9871EA391434641A540CA78247D29E84EA3900EB4F278A6EDCF51F9531811D0D22AE279986A5F3F155DB39A4CD3B1372F24D9A53276AA4A714FDC4D005956527A55C4236D5284026AF22FCB52D968FAD314BB69D8A5AC0D06814A052D19A005A2937629A5BBD031C4D319A98D25445A801E5B3484D333484E05218A4D569CE14D4ACF8AA77330DA68B05CC1D5662AADCD70BA9832B1EF5D86A64BE719AC3365E63722B58411129BD8E4FFB2FCC6FBB576DB47C1076D74F0E9A07F0D5D8ECD57B56E9232B99BA742F0638AEB34E9C90056725B0F4AD5B0B62181E6A27089719C8DC8395AB416A381300559C715CF634100A7518A5C500029C2929D40052E69B9A33400FCD2834CA5CD021C4D319A909CD37140C5E4D3C2D228A900A005514F0290538521074A8E470052BBE05509E6EB436348259726A30BBAA0DC59AAE42BC6690C85AD43738A12CC06E95A0A94F094EC172BA4214549B7152E29314C444569BE5E6AC05A704A2C172B88A97C9AB2169702958572B08714F0B8A948A631C6001963D053482E34F07DE8DB4E54C753963D4D388A02E3314A169C05380EE6801318154EEA611A9AB13CA114D721AFEB020428ADF31E82A5B29228EB3A8B4D2F9119C93E957745D37015D873597A3583DC4BE74BCB3735DC59DB08D00C546EEC55EC4F0C4114002A6D94A3D29C064D5D89B8E55DBC9E9FCA9F201B29C8A2A0B96F250FF0073FF0041FF00EB54C95A225AB39CD72F92DE2651D6BCC75DBB672501EBF337F4FF003EF5DCEBEEA588EDD4D79F5E867959B196273F8D71437BB3D04AC8C0F2CABBB1FBEE31FEEAFF00F5EB6ED196D2C4C8E705B9AA8620ADCF3DC9AAF7B3B4E5614CE2BA2F721A09EE8CC8D2B74ED4FD16DBED12999C7CA3A553B9FE0817F1ADFD3447142B9E234FD6992CD7D8A9164F005654D319E42A9F7453AF2F9EE7F77170BEB4DB48C4B288631903EF1AA44B16385BF8473435BC50666B971C73CD685C491594059881815C0EB5ACC97931446C26714D12CE9ED269357BA3E57CB691F53FDEAD50CAE8DB3955E2B9FD3B518D2C21D3ECF995F8635D01896CACB6E79C55324A33B80CB1AFDE63571E2089CF402A9DBC264B8476EA4E69DAD5D7950BA29E71CD340CCB8EE16F75778D3958C54B6D16EBD7F6AC7F05C9F69D4EF98F3E95D25B2ECBF7F4DD4DA126437F1ED2ADEF599AE5A04B52E3BD6FEA716EB77C76E6B2353996E345047DE51834203889C88EEE094F46EB5D1DC405EDA29C0F9946091DC573BA927FA221EE1ABA3D02F16F74908C46F4F94D3DD0968CBD136FB400E7A5674F76B12B6F2029E0E7A7E352CB37910BAF65E6B9FBDBB126E4CF5A490DB23BC6782437109DD1B70CADC8F5DADFD0D431BAC91B347CA7F129EABFFD6F7AAF1CED0B1561BA26E0A9E847A538C7E43ACB0B928DF71BF9A9AD6DA195F52DADC91B048F2613FD54C87E78FF00C57DBF2A23C4770ACC230EFD0AF11CC0FF00E827FCF151940E9BE318EEC83B7B8F6FE548AE514A30DD131C95F43EA3D0D24C6D75448F9B6B8641B80072BD88FF00EBD598EEBCCFF5B96FFA683AFE3EB55F20C681C968FA24BDD7D88FE9F953763C520C8E0F3C7422931A351530A4A6D78DBA8FE13F5F43518B64562D1641EF19EA3E9EB51C0C7394254D582438E7E461F97FF5A84C6D15CB06E0D491AF3C7E74489B9B127CAFFDEEC7EBFE34A88CA7D08EA28B0AE3A59323132EF1FDE1F787F8D674F02A8DE87727A8EDF5F4ABF2B6E1549D4A36F4356990D154B6178EB5096CF6AB4C89272BF23FF77B1FA5412215ED823B552258D0548E4734BC0A6739A5DF81CD021AC9CD3820C523C8B8C835119A801ECB8A6F04546F31C54425E69D8572468B34CF2EA512022941F6A0440D191428F5A99981A6639A770B12C5806B410FC82A9C31826B4123C28A866913EB11467149BBDE985AB228796A696A8CB531A4F4A57192B498A88C99A84B934039A43242D9349EF49416C500293C545248141A6C9305154A4959CE05003A59CF6A84AB49D6A686DD9CE4D5F8ED401CD0073F3D8EEEA2AA0B30A7A575134031D2B3658086E95B41994919A20C76A7AC1935756DC93D2AD4369ED5A3992A254B7B3C91915AF6F6E1474A9228028E956540158CA572D2B020DB4F069B466A0A1F9A5DD516EA4CD2B8C9B751BAA1DD4E1CD171D8933466994500480D2D479A37500494A0547BA977D022514EE950EFA43250058DF8A6B4A055669B155DE62695C762CCB2E6AA942E69149635650002802348315610628C81481B9A6227069E0D4229E334C43F340A6E0D3D56801C053C0A4029734C02909A33E951BC9B7000CB9E828015DF6E001963D05089B7249CB1EA691136E493973D4D3F34085A4A334679A0628A477DAB4A4E0565EA37AB0C4CC4E00A4DD812B99FAD6AA96B0BB16C570F68B36B3A8199F3B01E29BA9DECDAD6A5F678B26307E622BB1D0F4A5B6857E5ACDB34468E9B62218D462B5C0C0C5471AEC51C54A2AA2AC4B62834F5A6629E8849A62265351CC9BD4D4C0002978C50E3756253B3B9C2EBB63E5AB607CA78FF0077FF00AD5C35F5B1899B22BD6F558032138AF3CD5ED30C46309FFA0FFF005BF9570356958F429CAF138B994804D5558F665CFDE35AD75010C57154664DA2B44CA68CF51BEE39E6AFB4A6474853EE2F5AAD1464316EF4F8BE4DCE6A9321A27966DBF227535A965730D9DA054C34AD58396625FB9A46BB16D1BB93F301C55A643445E22D51DDBC856CB1FBD8AE69C6D193562463233CCE724D16B0FDAEE557F8579354893A8F03D86E924BC9474185CD6E6AB700DC2479E3A9AAFA44F1D9DA6CFBB9E6B9DD6356DD34922B70C76AD52D887B9D05CEA096560D744819FB9F4AC9BB9DE5D265B97EAE335CEEA7AA49A9DC5AD8C24F96B85FA9AD9F11CA2D74986D070EC00C55589B91FC3B19BFBBF7506BAD117CF3BFA3D72BE02431EA331EDB2BAD92458E1BC6CF4CB50DDC12B0E9584B6EA7B30C57197EED099212786ED5D2E9737DB3494914E70D5CF78963F2640FEF48660DEC7E669EF8EA066A86917925B4DF2363775AD944DF68DEEA457390AEDC9F43571D8996F73A7B894C962EF9E95CF724E6B62DE4F32D245F55CD662C781CD24C6D11B45B948FCA9B0394251C651BEF0FEA3DEAFB45FBB56C544D060EEC50A5617293449845C1C11F758524F0EE5DE830CBCB28E9F51525B0E0A7F09E47B54C8B9E3BF63E94AFA956D0A3112AC78CAB7DE53D0D5C48D4478C96809E0F5319FF003F9D47E4FCDB94631F797D3FFAD57625DA99001C8C303D08A771588913CB7C37E9521186C52C918550327CB3F71BBA1F435180DBB0C3E61434171C772F18CAFA1A7A0EC3247A1EA3E9EB4F0BB979EB4E230B822AD10CAF3467EF2D5473FDE18AD30EB82186E1FAD54B98B0372FCCB57625941D463208AAE65FE17E47AF7152CA87AAE6AB9C8FBC29A218A4A8E720AFAD577900A6C9904EDA8194B7D69D8571246E78A8F79A76C6EE29AC29A244DC4D2668C1A5069812C5C9AB07815146BC6452926A468439CD390E69029353471526C6912C00E6B4133B6ABC498AB43A541A247D4A5E9A5BD6ABF9B8A43266B32AC4ACF4CCE693AD2814862814A2940A6B30514003362AB4B3E38A64D71D8532289A46C9A02C261A4356A1B4EE6AC436E147353F029886A4412A4A6E734A28011977542D6E0D59028345C4565B703D2A658C0A753C53B85840302929C4D309A4302693349D697A5218B4D26826803348005381A708646E8869C2D243E829EA17199A506A61698FBCF415B68FEFC83F16A6A327D0972488B8A286BED3E2EB2A7F3A85F5DD3E3E8D9FA0AB5466FA10EAC57526DA4F406944721E886A83F8A6D17EEA1355A4F17463EEC43F135A2C2D47D09FAC40D9F2263FC3FAD27D9663FDD1F8D73CFE307FE144155DFC613F6641F853FAACBA8BEB0BA23A86B194F575A41A6B1EB20FCAB917F17DCF5F371F85576F18DC2F5B8228FAB77683DBBEC776BA705FF969FA5482CC0FF9686BCE9BC69277B96FCEA36F1A37FCFCB7FDF54FEAEBB8BDB3EC7A57D8D3FE7A1A72DAA0FE335E61FF0009967FE5E1BFEFAA51E2ECFF00CB76FF00BEA9FD5E3DC5EDA5D8F5258631FC74F10C7FDFAF2E5F1567FE5B37FDF5532F89988FF5EFFF007D53FABAEE2F6CFB1E99E4A7F7E9C225FEFD79A8F1238FF9786FFBEAA54F114CDF7677FF00BEA8FABAEE1ED9F63D1BC9FF006E93C827F8857069AE5E1E93BFE7561759D40636CCC58F4147D55BEA2FAC791D8491BA100619DBA2D22DA48B9270CEDD4D7289ACEA31B13BF731EA48AB09E22D40750A7F0A4F0B21AC423A330CA3F8690AB8EA8DF9561AF89EE97EFC2A6A78FC583FE5A41F954BC34CA55E2699247046280D55A3F13D93FDF565AB49AB69937F1AFE22A1D1922D554CAD73702343C815E79E25D65EE26FB25B9CBB71C57A4CF65A76A08544D8CFF71F15809F0F6DA1BB6B986F2490939C4AA0FEA2B19424BA1A4671EE62F86B42F2635775CB1E49AED218446A38A7C1A6496C8176838F4A931B7A8C7D6928B5AB29C93D840B4F029334BBAA89169EAD8A8B39A70A4326539A94722A345F5A987B55221956E620CA7BD725ABE9CCC4955AED5B18AA57102B83915CF5A95F546F4AA58F26BFD38C39CAE07FE83FFD6FE55CFDDDB306C11F857A96AF60AE72A3A57137F68164231851FF008EFF00F5BF9573AD743AD48E6DA1D91FD6AB3AE17EB5AF73090718E954244F9FE95A21329CCE218F9AC395DA77E738CD695EE5DB6D565871CD5A2599F77F2205F4AD4D1AD76C2188E5B9359D3C7E6DC247EA6BA385560840E9818AAE84F520D46E762F96A7DAB94D4E72D2AA03C2D6B5F4DBE46E6B9FB8C9724D5C0CE7B1674521752598F2139AB9A95D3EA3A89763F28E00AABA745B60693BB558B58F74EC7D29C9EA28AD0EA3C1D16C7B86E86935BBE7845C229EAA56A3D2EE7EC2CBE8DD6A8EB0FE6F9CF529DCA6AC6BF83253FD9C636390C4915178BA3FDD8E3BD64E85A90B7B6B6543F32B126B4F599BEDA808AB642D4C48E40968477158914590D5A3302AB20A65AC398738EF4AF643B5D8EB31F2734E3161BA75A96388A36055BF241FC0D4DCAB15E388180823A54662F940C568A4602B8EC6A1D9C118E6988A71C7E5BA9EC6AC795893F514F68F2B8A9A21BD39EA28B5C2E4661F9836306A4D8AA33C60FE94F6915A3F7AA8D3060573CD524C86CB063F979E41E3EB512202C14FFC04FB7A509237920533CC507247D6B44AC4365931E1322A1924C2F3435E08FB823D7D6AACF32BAEE4391E957622E31A5DA71DA90CE4720E6AA3CD8EBD2A032953C1E29D8572CCB3467D8D52927E48E28762DCD57902B8C7DD6A64B2391CE6981F27A51B58360D4A9164D3B922AF2BD29A61DF569233E94380BEC6A6E5D8CE784A9A458C93571887F4A45407EB4C9B0C54C0E29761CF3530423A8A9A38F349B292238A206AD24429C9154CAB81506822A629DD2969849CD3484D9F492E4D5845EE6858F152AAD62588169E16A45148C40A0446E768AA72B339C0AB4DF350908A06558AD4B364D5E8E35414EE17A53724D310F2D4609A555A781400D03D69D4B8A701400DA314EC519ED40062909A09A548E494E1149A570232692AD8B308374D2051E82A396FECAD1720024773571A7396C899548C46A4323FDD43528B33D5DC015CDEA9E39B6B40409114FA0E4D717A8FC459256222DEDEE4D6CB0F6F8999FB66FE147AABC9636E3F792AE7DCE6AA4BE21B083EE73FA5789DCF8BEFE727E7DB59D26BB74E7E69CFE754A3463E62B5591EDB71E308907C8107D4D64DCF8DF19FDFAAFD2BC89B529A4EB231FC6A1799DC7DE354AA535B445EC66F767A65C78D779C099D8FD6A24D667BA1B8120579B452B23E7AD747A7EACA1029AE8A55A2F739EA5292D8E9CDC4EE7EF534B487AB1AA915FC6EBD6AEA4A8CBD6BA54E27338C90C21BB9AAF2CA1072696EEED630706B9FBCBD66279ACAA5549686B4E9B6F52FCBA800700D496937DA1C0AE64CC4B75AD6D1A7FF0048506BCBAF26D368F4E8A49D8ECA0D1C4B16E3595A968C5158AD765A76D36A3E954B505055F8AF33DACD3DCEDE48BD2C793DF078642B9ACF92675EE6B6B5D50B74D8F5AC39FEED77D3936AE72CE293B0E4B863DEAF473662EBCD6421E6AF44DC56B732B1AF647738CD5D99F046DAABA747BAB485A176E959B9D996A174476E924AC39AD48B3110296D6D8230156561FDE1C8CFA0A5ED87ECADB9B3A5C06E1471927A0ADA86C1E3273C93D4D47E1985442CE793DCD6C1900CD54710D19CA8A9333A758E35E700D52371129ED516AB39F34E0F158B24A7D6A3EB136F73554216D8DA37B133638AB0820997B572FE69CF5A992F1D3A1AAFAC4D7517B083362EE158C641ACC699D79573514F7D24A0264D680B544B1DE7AE2A258C9A296160558B559E33D49AD3B6F12CD1E31332FE3591198F3CE29DFD9C6E98F93DA9C71B27A344CB0B15AA675D6DE2F7181210C2B72D75DB3BC003639AF23749A09190939535AD6305C2F9722B90AC6B555E12D1E864E8CA3AA3D4BC8866198DB1F4AAF2DBC91738CAFA8AE71AF2FB4628F27EF603DFB8AE874ED620BD883238FA1A1A8BD849C90D06A45AB32DBA4A3727CAD548B1462A7835934E2689DCB6AC0538CA31D6A8F9B9A0C99A398394B9BC1A63FCDD6A15626A5C8A96EE34AC67DDC1BD58E05709ABC063999BA57A448008CD701E28942CBB57826B9671B491D34E57472B3AAB21EC07FE3BFF00D6FE5597709B011DEB45E65CE14FDDEF54A72B203D80FF00C77FFADFCAB5B0F98C6316F973DA9B2C7B4FB55E09827B1155EE400868B0EE65DA41E6DF6E3D055ABC9F0DB053EC542AC8F54FFD6DE63B551252B95E189AC675324BB07735BDA8AED07154F4EB4DEED291F4AA8BB132D4B0B088AD80F41458AEE247A9A9EF808A0A4D263C2963DE9741F52E32FCC9D78AA1AB3ECB57F7AD623240F4AC0D69B27CB1443709EC55D194E5DBD2BA351B971D72B58DA347FBB7FAD6E5B72C076E94E4EEC51564635DA72FC77A9ACE1CC18F43535E47FBD65C77A9EC53E56149F61AEE47E4FCFC0ED522A619855929B6415137129ED42436C6E30AD9F4A6AC7C52B30F348F5A92120F156919B64010038A639F2A997136C978A6BBF991B7D3356A243915649B6C8C3B75A8C38638CF22A9CD3FEF71ED8AACB72564CD68919B91B266DAA2AB5C4BCFCBD0D569AE328A4535640EB834EC4DC8CDCB86D8C78EC7D2A2FB449049FEC1EC7B7B513AF39A58F6CCBE5B75EC698873CEAC370FBA7A8F4AAECFB5B0795A0C2D193DC542EC4707A53132469B6D30B87F63516E1D0F4A5039E2815C9E33F36D7AB3B00E54D575E460F5F5A76E2BCF514868B48E40CF7A8E57DD4D5946734C91F9A02E47B727B8353C4B502BE7B54E8734D822D05F6A99114D4319EC6A61C5432D1284C526EC714A1C63151484629A40D834A14D37CD06A9CB260D43E7114C9B9F5C05A763028CD472498AE7361C5F151B3D577B8029A926F3401654D49BB238A6221356123C5026355735205C52F038A40734C076280B4E038A5E9480314BC0A616A696A7701C5AA58ADE59CFCA303D4F4A9ED2D032F9B3038ECBEB575CFCBD957D055460E5B9129DB62A0B7861E5FF0078DFA541717C5170B841ED55F52D463B58D8EE0315C06B5E2E48B7047C9AEA8538C55D9CF29CA4EC8DED6BC47159A1CBE5FEB5E6FACF8A6E6E1980936AFA03589AA6BAF73233BB935813DE993BD4CEB3DA26B4E82DE45E9EFDA57259893558DC3355113F34E1356126D9D11496C4CD239EF4CDE73D6A367CD445883421BB17924F7AB292F159425353C6E68B0AE6897CD4904A43554571B79A58E51BAA92B112D4DF82E48C735A50DEB05EB5810316C1C55D59768E6B78C9A39E512E5CDC173D6B3A66CD3E4B8503248AB9A7D9C7A8C44ABE0D293B8E313159B9AB9A64BB6E97EB5B3178622F33334871E82A2BCD160B33E7413631CE0D6338DD1BC343D134697759AFD2A0D424C06E95CEF863C411BE6DDD802B517887C451C7318616DCDED5E67B2939D8ED5256B9CE6B819EE58A8279AC19B3B7918ADA3A9EFDC5C026A092682E170CA01AF4214ECB739A6EEEE61A9C1AB90B702A694448B8DB51C71B483F751BB7D055D8CD9D3E81B646C1ADB9A782DDB922B8FD3E79ED09DF1BAFD454935CBCEC5D89C7A67AD73CA9F34F53784AD13A26D5A28E4DDDAA5B6D5E0999B0E093DFD6B8AB8BA2D900F1EB59CF77240DBD188C557B38EC84DBDD9F40681205B02C0D5B32920F35C1F82BC47F6CD3FC927E71C577118CC3BAB1E5B3B05FA9897CBBD98D629C8620D7417299DD5893A61CE2938B4CD134D15CB734DDFCD2B0CD46462AAC2B92071BC1A9AEF54716FE583C5512D8354AE65C9A391362E6037D2EFE18D6F68BAD7D977994E722B9566C1A8A5BA28A706AF9486CDABED6D1AF246ECC6AED86BF889233D8D70AD3349273572298C7CD39D24C51933D52FBC470DED8AC2982D815CEA6B12DACAEB0C980DEF5C7C3A84A93121B834F8EE1DE46393D6972352BDC2EB96C7B77843C42DAA5B982E3FE3E23EFFDE15B7A92AC71ACA7819C135C17822106E21B98CF2C39AED3C4F7715AF87EE1E53D4617EB5A3778B32B5A6AC46AC1B041C83520E95CAF843576D46D2E6376CB412E01FF0064D74EAF9AC13366AC4E1B029158B1A8C106A4475145C561F2026335E6FE355FB3FCE5BE66E95E8D24DF29AF36F1844F717219FEEAD652B73234A7B338D493628527E63C9AAF24C572C0E3DEA568879AC739ACFD4245502353F5ADC57258EE91D081C63F4FFEB7F2AAF349952A7A8AA91C9E502E383DA9C651246074C7E9FF00D6FE555CA2E62C2384B590FE155AD06EB9DD46488361E0E69F09113AFBD4B452643A8C7963525A44B15AE69F7603366A3494322A2F4A02E55D45B7051E952694F93B076A86F795635268FF002A96FE2268B682BEA6B631B9BD0573577FBEB8735BF77308ADD8D63C30993E73DF9A16837A96B4B876466AF4642904763504236466A588E547D68016F13336477E69D6402C8C29D311B549EB5143204B8CF6CD3B0AE5B603CC359D75304B81E956E69C2CD8F515817D71FBE3CF4AB5121C8D169079A0FA8A6C33ED948F7ACE8AE72483D4531EE36DC75EA2AF948E616EEE313C9F5A7D94DE646E33D2B2EE24CCAC7D6A7D3E4DA5C7AAD599DCAF7231364766AAA472D535C3F56FF6AA0F372C41A621EAF91B28DCC831DE9BB70C1854A17CC5E3AD2B80E60658F23AD522ED1B55C42D1BF3D29268049922983163B85957E6FBDDEA29915B23BD5521A292AD02245F7A05728B8DAD834D0E455B9A1DCB9C73551908EA2A896AC4C92F6352A4A09DA7BD578D0BFD6AE47685BEB486340F9B1DA9E236EFC8AB31C18186A9C4431436348CF31E0D4889561A1A4442A6A2E5243D063AD499A4E9484E68B0C0BE2A269714D91B1559E507BD512D8F98E4645532DCD3CCB519209A64B3EB892E954673549EE5E56C2D547F319FE6E95AB676EA541C5731D256485DBAD5FB7B6DA39AB2B085A5C81D2810B90B46EA40A58D4813140868058D4A171D6907CB485E801C4E2985A9ACF9A6E6818E1CD5AD3E0FB4486461F229F97DCD62EAF76D65605D4E19D8203E99EB5D3E978FB14246082B4E2AEC993B22D9DA8A5DF802B80F18F8D934D636B6A732FF00137A574BE26D5934BB32EFD31D2BE7CF136B1F6ED424981E18D74C0C1A34756F16DE5F26C326077F7AE52F2EE46E59C9A6ACDBC75AAB73938AA93B8E2AC5496524F5A833CD2CD8535087E6B3B1A5CB0A3269E485EF496E8F338544666F402B45FC3DA93C7BC4381EE6A6C55CCA6980A8FCD2CD814CBBB6B8B49364D1B21F7AD2D1F4D6B870CC768F535564849B6EC6AE8FE1EFED087CC926094ED474096C10BC6E2441571EC6EEC937C326F4FF0064D0350792228FDFD68D0B71EC732D31CED15A1656F921DEB2EFC882F370FBA4D5B835250801A9E6B1295CE9619238D7A54C2D66BD1FE8F113EF5836BA9A16DADD0D7416DAE08E1114642D5295C1C489BC31A9C91B7CD183E9BAAA5A8BDD1EE3CBB8F979EA0D5A9F59B85C9596B9ED5B579DE55323122A594B43B83E2458A25C618D412789EDE652B35BA915C21BE3B438391DC54C939B92A91FDE3494D838AB9D2B5CC12397B31B243E94B6FA6C519FB46A1704BB738154608E3B251971BCD665EEACDBD943EE3D29E8F516AB436649B4A33145490E47DECD61CB7491CC555F8078AA0B76E5B8C96ED8AE9F4EF00F88359B359D34C9911B95925C460FFDF58A1826D19F6D708F2AEF6CAD775A65E43140AB0DB6EFA2D63C1F0B75EB4BA4764B7B98872C20B8427E9D6B6EFAEF58D1E111BE9535A44A38631F07F1153768BB2657D42E99C1325BED5F75C57377932FF01E3BD5F6F13DC4C1D18ABA3F0723AFFF005AA91D0358D4606B8B0B196584F71803F0CD3B8AD63399C30AA373F731DEAD4FA7EAB640FDAB4FB989475668CE3F3ACF338FB4267A66A3A9A377476BE0989EC13CD9780C735EB367AC59C96A17CC5071EB5E57A7DCABDB22AF1C536679BCD0227209F4344A37D485D8F52778A446DAC0D625CC6031AC4D35A6B550D35D31F635A126A30B0C16FC6A6506D0D4921ACB83503F15349346546D707355E46F96A12299039C039ACDB87F9AACDC39008ACE79371C1ABB1035DB1542E5EAD4C48E94F8B45B9BD8FCC05517B6EEF4E226654472F53349806A69F4CB8B0C975C8F51546663DAAD924B1B65B35A5A5C6D7376215192FC566D9413DDCC905BC324B339C2A22E49AF4DF0E7872DFC249FDAFE229A38E5DBFBBB404161EED50CABA3B2F09E969A2E8FE75C32A8DBB99C9E2BCEFC7FE3A5BFB8682D9B36F11DAA33F78D6778C7E22DCEB25ADAD5BC9B45EC3A5717A4E9B79E25D5E2B3B44672CDCB1E8A3FBC7DA95AEBC836D7A9EA9F0BC4AFA6DE5D499DB23AAAE7BE3AFF003AEF83E2A968FA2C5A469B058C1F7225C67FBC7B9AD13010338AC65B969DC729C8A70CD3172BDAA656C0A9B834205E39AE13C61229936038FA576F34BB22663C715E4DE2ED6E35BA754F99A92D5D8A5A2B98F704468D8E2B0E62832EED4AF737172C411815565B569061DBF0AE85A6E43D4866BA40A31DEAABDF0504A9C30A26B6F9CF3545ACD8364B55AB10EE6D417492DBA9380C3F4FFEB7F2A8DAE1BCE008C115988AF1C8AC1FA54EF299BFD92BFA7FF5BF953B261768D59A6DF01C1E718A86D0E01CD54498ED31B7041E6ACC676AE73D6A1AB1698B73FEAAA5D2F017B71504CC19B67A0A75BCA23B763DE95877135098CB2A420F53CD5B8A308A0565D9B7DA350673D16B46E6611213435D013EA4DBC6D23DEA3825FDEE3355525FDDE7F1AAF6F71999A9D857352E6E06E519AA535CEC90F3DEABDC4FFEACFBD53BC9BF7C2AD4487235EE2E3F7E39FE106B0EE66DD23D5C9A5CEC39FE1C565487323D5A466D92A4B8727DA943EF6073D2AB13D79ED48A1D4F0734EC4DCB2EB9C53E0F95C9F6C556598FF10A7C72E41C503BA0962DC871EB559A0383ED52A4C40653EB567E5CE7A8346C2D199BE610A3DA9D0DC947E6A69A0520EDEF54A58D9314F725DD1ACB224A08351F99E5C9B5BA551864CE0679ABEA8268F93F30A2C3BDCAF751E7E61D2A08D8A107B55E788F97C567B931B91DA9A1334015923C8A84C43774AAC92946E0F06AEA36403D68B05C7C56E9D475AB2BF2D57071D2A507752652246F987151872AD4A0914A46695CA25570C39A4603A8A68151BB953408716A8CB629BBB3431C8A622299F2B541DF0D53CED8AA6C79A64B1FBB34734C534EC8A00FAE7EC21C8DD57A145897155848C6A550CD5CA91D0C959F3C0A7C7167934B1478E4D3D9F14C43B0145464F34D2F934E0B9EB400D249A4E94E242D44CDCD2188F9A7460F7A0727DAA414018DE268BCCD3533C2F998CFA64706AD78335E59611A65D9D97111F93777F6AB5796F1DE5A4B6EFF0075C63E9EF5E7976B3585FF00933B3437311FDDCDFDE1DA84ECC1C79958EFBE21E9375A9F86E57B146927846EF2D7AB2F7C57CCD7729DF22364107A1AFA2744F1E08F6DA6AC0AB8E04BD8FD6AA78B7E1AE87E320FA8697711D9EA2DF379918CC729FF00697D7DC7EB5D3197631B5B467CF7148C1AADA00CD96E95A9AE7823C41E1827FB434F93CA5E3ED117CF1B7FC0874FC715CF1B8E38345CA492D482F54091B1D2A1B4884F3ED270A3AD599AD2F25B73325ACED1FF007C4648ACDB699A294E78ED43D85A736A7616B3C36710F2146E1DEB6F4E8753D5B0DE6886DF3832CA70A3FC6B0BC3D6B1CC86EAE577C6388E33FC4DEFED5B336ACE5F697000E8A9D07D2B1E677B1D2A0AC7453785FC377169E55FEAF71339FE28E355DA7DB359EFE0AD3F66DD1F5D2D281C457681377D1871F9D621D432BEFEBEB490DFAC926FC90075C553B5B5252B32B5D5F4DA4B9825DCB2A36D646EC684275719B68F6CBFC58E95575B44BFB7F39589B987033FDF5FF1152E87742C221F37CC7AD11D824F52FCBE059EEA00F25CAABFA62B06F7C19AA5A026378E55F40706BA83AE4D21DA8E4D6B585919B64D7D29084F080F2D4DC922541B3CD6C344D62E5E5F26CA793C9199046858A8FC2AF58D8CB7530C49E5C60FCCEFDABD8A0D6458288ACF6DAA8FE18F8DDEFEF54B55B7D33C47148660B6BA863E4BB8801B9BFE9A2F46FAF5A9B8F95D8E414E9D676ACAC416519F31C6E27E959D7975A25ED8BC6F19337F0B018ACBB8D3B53D3EE6486F2176955B93F787D47B555793CE748F66D727AD3B81D068FE1ED2AEEDCED5BB9A4033B6352DFCAB3AEADA3D2EF582473438E82542A7F5AEDF42D7A6D3ECE2B7B4FDCA28C6178CFB9AEA93584D56C5A2D4520B8B6E8ED74A081EDEBF952E6B872D8F07BABD6965E5EA8BCB863CE6BD42EFC31E0A8AF669D23D42E959B2208E5F2A34F6CF2C6A2369E0F5011BC31181DF75D4BBBF3DD4D3426A4CE6FC226DEDC9BE902B4CA7F779FE0F7FAD75B73E27BB997619E4207405AB87D47C8D3AF99AC61782D4B711B396DBF89AB114A251E6E7E53DB38FF22B195EE6F04AC74C9AA4CE0BB48E07FBD8CFFF005A9B36BF7D011F67BC9B04750C47E9E958427B8BE9D61815A4924200551CB1FF000AEB2C3C1704B086D5B5816CFF00F3CE08BCCDBF56C81F9524DEC8A692D59C75DCB3DD5D35C84E4FFAC2AB804FAD6CDBF89A68E14B51232AA80A029C574D63E08B292092DEDBC429E734998C5C41B030E9D7279AF38F11D8DDE8BAB3A310CCA7E6DA0F1F51DAB64BB9836AE7636FE2BBD8ADCC25B7AE7237726B035BB7B3D4B6DEDB4620B9EB246BF75BDFD8D61C1AD80987E1B18CD741E12961BDD6236B840F0C3F3B03D09EC0D1660AC745E19F08EA7756D1DD5D4D1D8D9B0C879BAB0F65AE8A4F0EE891F4D6E532E3AF9431FCEA84FA9DFEB9A87D9ED51A571FC29C055F527A01EE6B66CFC2AAC03DCCD2DCB771032C710FFB6AFD7FE02295EC1B9CAEAB69358A8904CB3404E16443C7E23B5667F688E101AEE754F0B6E40961FD9B1AF4757D53796FCC015E7BAAF863C4BA7179FF00B2E49ADD79F32D9966007AFC84D3E66C342DD9B5CDF5EADBDBB807DCE00AECE3B88745B419D975778E5C8F957E95E65E1CBFFF004C9371218F15D7CD7BBADCC6E39F5A124DEA0F45A0BAAEB336A2DBA4550074DA318AAB6762F7AA5DA58E145EACE6B3D9DD9B646AD2393F75464D74F69E12D7B52B58BCAD2A6507BCBFBB1FAD125D817999A34FB459413AADB305EDCD45792AF99B23BD420774E95D40F870B6B1F99AE6B563609DD13E66FD71511BCF00787FFD45A4FACDCAFF001CDF733F4E07E952A2C6E71473FA7DBEA9AB31B4B5B696EFB6635C8FC4F4ADA8FE1EDB69F18BAF13EAB05843D7C88D8348DEDFFEACD52D4FE276B57111834E8E1D3AD87012DD307F3AE1EF751B9BA95A5B99A49653D59DB71ABB58CDBB9E8B71E3AD1BC3F6EF6BE15D39612461AEE51976FEB5E7BAC7886EF5299A4B9B879189CF26B2E47773D71F5AACF2C711C85DEFFED741472DF70E64B6270B24F8791BCB8BD4F7FA7AD7AE7C28B68D6595E15C2AA724F563EF5E371B493CAACEC58D7BD7C2BB23168F34E4637B05ACEA685475573D09140EB4AF802908C0A6673593634844C521755EB4EDB49E4EF350CA39AF14EA924164C96CA4BB0C715E417714A6769263F313D4D7B76B5A524B6AE59F1C5795DF59C026903C9D0D4467CAF53551525A1CC3CE90E4F5359D71A89C6429C56CDC9B4462A066B2E7922E810115B465725C6C64BDFE7276E47AD35675979E453EEAE2DE21B550553F30B8FDDAFE55AA464DD8B0D2AEE1519B90241B4E1877A6C76934837018A91B4F64E5BAD34D0ACD96ADDD2718E1597F4FFEB7F2A9679BCB611F4DBD6B206FB593786F98743565675B98C93F2BA8FCBFFADFCAAAD726F62759B25DA98D73B6122AA79A5328783DEA1693736DA760E63674AF9519CF53516A373BE454069B14FE4C014753541A5F32EF3E9492D6E0E5A58D667D96E7E9542D65DB2F34FB99FF007354164390453484D96EE25FB9F5A8AEC90E873DA8DAD26DF4151DCC9BA41ED548965C95BF76A73CF4AA4ECBB88EF538F990027B542F1A649CD2E643E51857774A66C7078A900FEE9A70F301394CD3E62794877B0FBCB4A072769C53C3F055C734BB032E48C7BD3B8AC3506E0438C11DE9E9F211BBA1A4556DDCE36D4D1AAB654FDDA620F2F72F5FA534C41FE571CD3C2943B7D2A51206C061CD0332E7B4789B2B4893B2907A115B463561861F4AA32DA02C7D68B8ADD874571BC7BD417107983728A448F6310DC1A9D5CAF14C0A0B03679AB28A556A6DBB9B8A7ECC1A1B0488D4D4AA69AC9B79A5C65722A4A25A70E7A5429206183D69EA70690C93A5413D4EC32B50B296AA8A25B2B86A4DD5279273520B7CD5D89B99F30CD526041ADC6B5C8E955A5B3F6A2C232C1A5CD4F25B32F6A876114AC07D84919AB09814D5040A50715CA749297DA2A16972686C9A6F9649A40488E01E6A5126EA8197029BB997A5302660734D6229BE7E78348C71CD2B012A74E69FF4AAC5F7700D4A8FDA801FD6B9AF1B5B07D2639C202F1C98CFB1AE949C0F96B37C430FDA740BB4032CA9BC7E1CD21A3CB12ED0E2371B947F0F715A765A85CD9624D3AF180EBE5935812C61E4E0E1AAB319A36DCAD8FA55ABAD98DA4F73D434FF008877110F2B50837A9E09C75A74FA57807C4D2F9F358416F7479F320FDD9CFB8E87F2AF368B56745C4D1E47AD695ADF69B327CC763FA8355ED3F9919FB3FE5677E9E0CFB380FA3EAB03A8FBB1DC27F51FE15C3F8DBE1C6ABAA5CC778BA32A4C3FD6CB64438907AED1CE6ADDBDECB09CDB5FB63D09ADCB3F12EAD081FBCDE2A938BD989F32DD5CF30D574DFEC2B5B74892E9001B6559E22B83EB58FE6A30C07EBDEBDF13C62D22797796892A9EA18641AAD2AF83B52CFDAFC3F69B8F5658829FD314BD8C9EB1D4B5888A56923C2CB80725B1CF1514D7488A70E3EB5ECD71F0FBE1EEA192B15CDB13FF003CE761FCF355A3F843E150C5AD356B907B090ABFF414BD9C96E8AF6D07B33CB342D36E757D40796ACB00FBEEDD0FB0ADFD4FC044DA3C9A7CEC93A1FF0056C72ADFE15E896FF0EA5B15C586AF0B2F5C3C78FE46A43E16F10C13096292C662A7BB900FE045568913CD7EA78C6870DCDB5D482FA16475E1438C576115D036797397073EA0576D7DA0EADA8AA2EA5A25ADD04E54ADC6D23E9B48ACCBED17568375B5BF84ADE6B43DC30571F46CEECFBD652D4D6072A2EE6B89BCB850B4ADD07AD3AE2486D013757CBE6601D917CDF504F4A9EE3C2DAF5B6EFB26977DB641F303B4B0FF006491D6B16E3C33E222C73A35F0E7391166A53347645F93C4B12C6B1BE90668D3215CDC313FA1ABFA76ABE1691111F43B48A793A993E739C7F79BBD7347C3DE200D93A4DFFF00DF86A3FB0F5B8994FF0064DF39DC1B881BE5F7E95A2B2337AF43A0D726B586CDA4D32D51597AC487AFD2B0CEA8CD6EA338381942306ADBE9FAC795FF0020ABF62473FE8EDFE15873687E213705C687A9383DFECCFD7F2A992EC38B49EA596D41D830DF8DC39C7715465BC66E33C76AB4341F11B0C8D03513C60036CDFE14ABE10F14DCC800D06F954FF7A3DB9A98A6CA9492467BC52EA718B70BB998E10138C9FAF61EF5D4697E15D3A2880D4259272002C236DA9F4F5A82DBC15E2E8678CC3A15D9553F316DAB9FD6BA8B6F06F8AA48F0DA6F979FEFCAA3FAD69A6C649DDDCCD29A75B4CFFD9D6315B1C0476466248EBD4FF9353C52911E77E48E39AD883E1DF8964958C8B6C88718DF30EBF80AB43E186B720C35E59A7B82CD8FD2A52772DCA295AE724F387762AE323D2AA6BB19D6F4D36534C415F9A0948FF567FBA4FF0074FA57A4D9FC248A26CDCEA93481BEFEC40BFCF356DFE15E88A3126A976BEB9641FD2AD46466EA43667CEB1F855A3726F2ED405FBCB18E739E464D755A7DF5B585BADB58D85BAB1F943C8BB8B7D735EB4DF0D3C1A8E24BABEB89980C65AE00FF00D0455A8BC3DE02B01FBBB08E523FBDB9F3F99AD3926FA197B4A71380B5D7AD6C10DB4250B7DE66DB81237F788F4F4150CDAAEB1AA487C98EE253EB1A3357A747A8786B4FE2CF46B75C7710A2D3A4F1AEC1886DE24FAB50B0B3653C5C16C8F3487C2FE2DBF398F4CB95079CC8027FE846B634FF00867E29132CDF6D82C5873B9666247FDF22BA0B8F1B5E1CE2648FFDC5158D79E2C9A4CF9B77237B17AB584B6ECCDE31BD91A32FC35D25E65BAD735A0D78A72D3428B133FF00BDD777D48CD587B1F0369801FB3C97CEBFDF2CE3FA0AE26E7C4908C9DD93F5AC8B9F14A0CEDC55FB1A51DD91ED6A48F4693C6B1D9294D1B43B6B71D98A81FF00A0D73FA978ABC457B9F3752FB3A1FE18BE5AE126F12CF26447BBF015464BCBDB83CE47D695E0B64094DEECDDBB961672F7176F33F725B26B2E6BDB68FEE20FC6A91B799FFD639A68B6553D33F5A972BEC5288B2DE3CBF7738F6AAAED8E49C548EC790062AB32E4E4D458AB913C84F0381559F83EA6AC38A85D69889ACC8F3173EB5F4AF822D9ED7C2763B90AB4AA6523EBD3F4C57CF5E15D264D6FC4565628A48965556FF77BFE95F5A7D961B786289000A8A140F4ACA71BEA529DAC8A80E46714C20B74E2AE1DBD3151ED04F4AE768D532B24673CB5593198A22F8353C51267352DD6D16AE4F4C51ECB46C9753548E435D9DCDA365CE08E8B5E3FE2276B70CE38CFAD7A6789B574587CA8F18AF30D71CDD26E3D3D4D634E3ADCE9BDA3639B88CD28DDFDEF6A6BDBCA4120E0FAD69596DF28F7356022796735D0DD8CD2B9C56A103C7206392BEB5A5616F1242243D4D5FBFB51342CA1383D2B085CCB61FBB914951D2AD3725622CA2EE74402AC39005432A6F5E78AAF69A847731839C55A2C9D7359D9A7A9A2926B431EEA1EB81599F3C52641208E95BF731EEE6B2260AAE735B4198CD0859674ECAEBFA7FF005BF95575CACC430C114C77F2DB2A70477A904897119C615D47E5FF00D6FE55AA462DD8799F2C5BB0A8524E4B1A81D994EC6E1BB8A4DD4EC172E492EE8D453ADA332B015515B7102B72CA00B183DEA24EC8A8ABB17CAC2E05411DA7DAA6DA83A75353CCE4B8862E5DAB66C6D56DA2000F9BB9AC5C9A5737514DD8A074E58E1F994E6B1A685C4DB554E2BABB86C1C673496F64A4F98EB52A6D6E394133060B2D8BB9F2295CC68700D6FDC42846DDB5CEEA30797F300768AA8BE67A8A4B956823794CB9A81D309D38AA7E795E13AD5EB58CB2EF9327DAB5B34657522B2CB8241E952C4DF354D3A4257EEEDCF7AA79F2E4DB9C8AA4EE4B562FAB0246EFCE97E50DC8C8A8D41DA0F5A01C7AE29A62648D210B8CF4E9485B2BBAA3033DE86E0714C412157C1C530AD4665DA71DAA68C6EA043D131CD4CE995C8A23E0E0D4E00E94145418718A629DAC54F4A270D0CB91D29B236E50C3AD1615CAF3930C9C74A9A1977D3645F3E3FF0068516D03AB74A7615F52FAAE4548B0E6A5863E2AC2C44568912D95960A905BFB55B58AA558A988A3F671E948D680F6AD2117B50CA14734018B25803DAA9BE9BF374AE99635719A635B8CF4A2C07D2262C547E58269EF3F14C1B8F278AE03A83667A52ED0ABCD2E420CD5796E14753400A4E4FB5318802A2497737278AA8D7CBF682AEA428F5A571D8B4C370CD4665F2D82B1C8F4ACCD43C470D847BD909078503BD73575E2F9E57CC107E74D26C343BA1711990F41518BA392075AF3A6F12EAE5832A47C74CD6CE8FE259AF6F23B6BCB6F299BFE5A2371438B40AC76D0CACCA3771568C48F1B2B72AC0A9FA565FD8662C1E2B8CA7A1AD1846D501D866A6E368F1CD52D1ECB509E161831B95AA25C11CD777E3CD2F12A6A110CAC836BE3FBC3FF00AD5C113824568B501C5518608A89ED11FA53C119A7648A0455FB34F1F31CAC29E9A86A56A7E562C2AC86228383469D476EC393C53748313439AB10F8BA107F7B11154C221E08148F650BFF0000A1596C27766FC3E29D39FEF36DAD1875BD3A41F2DCA8FC6B897D2A16E831509D1C67E5622AD4A5D244B847AA3D193518FF00E595E0FC1AAC26AF769F72F5BFEFAAF2E3A5DC27DC99C7E34D306A317DDB87FCEAD549F725C23D8F5B5F10DF20E6E377D40A7FFC25970BF79D0FE15E43E76AC9FF002DD8FE35135D6A7DDD8D52A9DD221C3B367B3AF8BDF1CF97F954ABE2FCF68ABC4C5FEA2AB8E693FB4AFD7B1A7CEBF945C8FB9EE1FF0009603FC3152FFC256BFDD8BF3AF0EFED7BF1D9A9A759BEF46A39A3FCA2E597F31EE9FF00096A8FE18BF3A3FE13103F861FCEBC24EB57BE8D426A97AFF336F0BF5EB4EF1FE50E597F31EEADE35207022CF61508F1B0424EF88B1EA715E1536B178C485DF8F5F5AAE752BD3FDEFCE8E68FF28B95F73DE9BC798FE38FFEF9A85FE20B0FF96C83FE022BC20DFDE9FEF7E7486EAF5BB9A7CEBB0723EE7B8BFC437FF9F823E95564F880EDD6EA4FC1ABC5B7DEB1FBE453D62BB6EB21A6AA790BD9F99EB32F8E0375B890FD5EA9CBE3288FFCB4CD79BAD9DC37590D4A9A6337DE7634FDAB0F648EDE4F18C7FDFAA52F8C97FBF5CEAE949FC449AB11E9708FE114BDAC86A922F4BE2E76FBBB8D547F11DDC9F711EA64B08547DC1528B78D7F8452F692EE354D19AFA8EA53740454262BF9BEFCA456DEC45E94A760152E4D95CA918ABA5BB7FAC918FE352AE970A7519FAD69175A8D989E82A4AB15C5B227451415514F627B9A8DB039CD21913907A542D5233540C79A00899466A070055922A33183408A2CA49C7AD3040F236C55C9F6AD28EDCB37DDE2BA4F0E684F7B7F0C4899776C0F6F7A973B0D46E75FF093C326C7CCD6274F9F1E5C44FF00E3DFE15EAED3166F9AAB69F65158D9C3690AE2389768F7AB871E9583932ACAE34B134E19351B36578E94B9E3AD4DCAB16A3007BD45AB96FECB9B6F5DB4B1BE3A54AE55E165233918ABBA71688B5A499E25ADDE2C92141C9535CC5E49BF86E6BA6F1C6992697A8BCA8BFBB7E401DAB89FB50947CDF7AB382D0E893332EAE65B5918A9F96AFDA5D25C42086E6AB5F461D4E7D2B9F5B89AC67241F973D2B68C799194A5CACEB647C1C5626AB6CD2BF03E5F5A9ADB51132649E4D3AF67548724F6A145C583929239797CDB47F94E0548BACCC140EB505DDC79B21C74AADC035BA57DCE7E669E8687F6B4ADD6A096E4CA73550D1D05351427263DA463D68491958329C11DC5329CABE94C45ACA5CA76575FD3FF00ADFCAA03B9090C30450A1958329C11D0D5BD8B731F6575FD3FFADFCA8021B7FBE0D6C7DAC8411C432C6B2023464AB0C11D73572C9FF7BFD6A24AE5C5D8DED36C845FBD94E646F5ABED750C60E58645625EDF3C10613AFAD6324B3DCCBB37924D64A9F36ACD9D4E5D11D5457A97173B50671DEB4896DBD718ACDD36D12DA1C7F11EA6AEC8E234F5359C92BE86916ED762CB2613A8FAD60EA93AF96531966E94BA8EADE59F293E690FE94CD3ED8BBF9F71F33F6154A36D592E57D109A66900012CE39EA056B1B78F670A00A50E40CD45757621B6639F98D0DB9304945199A9346898E371E82B1C2BBB722ADB12EDBDCEE6349C2FCDDAB64AC8C1BBB2646DB18E698F20155A5B8EA0535242FC53481C8B88D95F7A03678AAE24DB4F85F73E2A89B8AE9CD3A17C1DA6ACF9448F5149F660E7D0D160D8940DC991D68DE454B040EBEE2AD0B707B535106CA4504AB822916CF8F6AD44B650718A992002A9226E6525860E455A8ED07A568083029E22C5508A89062A748F8AB022A708BF3A008D63ED8A788F15304CAD22FDEDB8A62011E694C218608A95462A455CD00571081C0147922AD04A77962803DB781D286C81D694E075EB49B770CB703D3BD701D4319CEDDBD7E9503C2A4723F3AB278E147E14DC7AF19ED4C0A4D1A0F55FA1A866888E426E61D335A254F4207D0530A6491FCA93B0CE5358D363BD8CF9892230EE9D2B8CBBF0F49136EB39A42DFDD6AF5C16E3A100D31F4F85DF7BC69BBD714D306796DBE997498F3A1661EC6B72C2D650CB8B75551D7B9AECD74BB7EA22048EE6A75B38D31F28CD0EC17652B7F3C441132076CD5C8A1971F39E6AC2C7B47CAB8A7E3B540CA7796297FA7C96D27471C13D8F6AF20D56CA4B0BD921906195B18AF6C20015C378E6DACE731BA3A8BCC60A8FE21DA852B31A479EEEA70979AAD2314620F6E2A11360FB568234C3034EC8AA093E0F5A93CF1EB4582E5A52335283EF5444C3B548B2934582E5C1CD3C55646EF5286A561930A6380680F8EF485C5522591E0679148513D295985309C8AA101893D298614F4A5269A4FBD3108D0478E82A36B74F4A973C72694004649E3D3D681102DA21E4AF1D87AD2490A30C003152C9276078A88B6075A06885ADA303A5426141DAA767CF7AAECFCD0044C880F4A6955F4A7B62985853130C0A95315086CD4AA6A8927423D2A7561E95590E2A5DFC50058DF91D29439C5571253C4B401387634BCF7355FCDA4F36802C64773484AD5732530CB9A00B05C0A63C9E950192A332628192BB542CD9E298CF9EF5197C5201E4D47B79CD216EF4D2D9EA6A59487714F48F2698B56A052480066A1BB1495CB16B06E70B8E6BD8BC11E1EFECFB41793A7FA44A3E51FDC5FF00135CEF82FC22F2AA6A37698407F768C3EF1F5FA57A5C0444367F935CF29DDD8D2DA16C74E286FA9AAE2462FD78F4A592770785268E65627947F7F6A5EBF5A8C33639EF406E94AE16265241C7AD24D3EDCEDED403CE7A93C0A8A65DC847E0287705B9C4F8BE6827B7759F04D784EA1722D6F98AF2A0D7B178AAD59EE5D33915E71A9684B2B1E3935AD0A6D05492D8E624D695C9045665C5C898F3D49ADC9BC32C18EDAA8DE1C983715D2A291CF293654B67DACA7A2AD26A172F2F7C2D5D1A1DC86E7B5364D0AEA4EB55626E73C7AD256FFF00C23B377A7AF874F76A7611CF0CD2ED27A0AE9D3C398E4D4F1E868BFC34580E5E2B5773D2AEA589C74AE9574C441F769E2CD3B629E81639B1627D2956D191832E4115D37D8867A506C47A52B0CE7DED85C47D36B2FE9FFD6FE5549A39207E84115D49B121815E08A8E6D396643C608FD3FF00ADFCAA5A19CC5CDD349184350DACA629948F5AD2BBD26756384AA06C2E10FDC39A12D04DBBDCEA6D6E15A35F986692E6E7E4622B9A8CDE43C80D4E37573B4828C6B3F6669ED08BCDC5D977E79ADCB5BC8DD77035CF3ABB9CEC6CFD28433A7DD56AB71B9119D8EB7CDC8CE471595A84A5DD533C5515BABCEC8DF9531C5D4A77796D9A98C2C54AA5D16232A8A4939AA93DC12D85A912CAF24FF96640AB76FA1CCED99060569CA43665C71BCADD2B4A0B138CD6DDBE90B18195ABAB62817A5558471D77985B6D5CD1E13725891D2ABEB6A23B9C0ADAF0BC3BED998FAD4A02DC566076A956D07A5690846714E16FCD5D82E505B7502A5110AB8B02D3C42B914C451119C8E2A558CF356847E829E23E9C50057094ED807156445ED4BE5F00E29815C274E29C130D56845CF4EB4BE5E28115D530C46299246EA72A322AE94E8D8A704E3A50066473EF62154F15695863A53844B1CA78C06E6ACA2023A50042A3229E16AC041E9418DB3C5311EC3854FA9A463C9CF0A3BF7A8BCC2C4AA8233D07734A0956C757FEE8E8BEF5E75CECB0EE807503B01D4D2F53D73EC3B533767277703EF498A41F3703E54C67DCFD7DA9DC0793919CF1E9DE948E07F2A66FC118E84E01FEF7D29437CBDC83DFB9A570B0EEF49C0C73499FE1A3AF5E690EC2E79EBC519DBDFF0001485B9C0C7F4A665547F78FD7193487626CFBF5ED48CE17BD40CE013CF1DC0EB5C87883C5891AC96DA7C8B95FF5B2AFF08EF8F7A9DC669EBBE274B1DF6F6A43DC01F39ED1FD7FC2BC8F59D72E752BEFB169FE65C5D4CFB778E598D51D4759BAD62ED34FD292495A438CAF563FE7BD7AA7813C156FE1CB7173743CDD4651F3C806427FB22AECA0AEC57E6D11C9DEFC3CD7ED3478EF9EF166976666882F319FAF7FAD72CF69791B157EA2BE90424E4FF0FA1AE3BC4DE0F8AE51AEAC502C8796887F4FF0A51ABDC6E078E88E55E09A950301CD5FBEB492DE42AE8411EA2A817C1AD93B90D589D08153AB81544494BE6F3D69D85734BCCE3AD3C4BEF59A27F4A5FB47BD160B9A7E6E7BD30CDCD50F3E8F3A9A42B97BCCA697F7AA666A8CC8477A7615CD032F14C337354FCDC8E29049CF34D202F2C9CF3D29924FBB806AB34B9A8F7E281167CEE2A092E3F873CD44D255673FBCDF9A2C3B973CC38A89DB9A89A5C8A89A4A2C2B93B495197A84C94D2F4C09D64A9564AA1E660D48B2D311A024A7096A97994A24A02E5EF3697CEAA3E6D1E6E298AE5D32D279A2A979D49E751602E99A9A64AA466A432D160B96CCB4C32D5432FBD46D350172E19BDE9BE68F5AA2D354667F7A43B97CCDEF407F7ACE33FBD37CF27BD268398D8849964E3A74AF4BF037837ED652FEF90887F810F1BFFF00AD5E7DA04D6F6E7CF9D43AC7F315AF71F0DF886D756B0856302397685641FD3DAB92B37B23A20B4B9D22606D48D70807CA076153A95C738C9AA91C802FCB862DC8FA54A64DCD8C633E9E9582653439634DCCFC8EFD695576B6E663CFAD3249BCB8892BF9735124AC7AA602FA8AAD05AB2C31C93CF3446773647D00A89DC2AA838F98F7A477F947967E790EC4C741EA7F0A6B511623937B960E4A0F9463D3D691DF085B19007151A11B005002FF0021DA98EDBE41C7CABC9FE94C56399F11DA8F2CCBEA79AE2EE2D43649183D4D7A6DF40B3DAB2C83A7E15C1DD442394EECF5E14574529742268E7DEDB1FC350B5B29EC315B12C5CF6EBD6AABC67B5745CC8CC368A58FB546D6809AD064C1E299E4FE39A62280B5E69A6D90B74ABE50AD0D19C502281840A0C200E055CF2F9E99A508339C5032808299242429DA3E6FA568ECEF8E290A0FAD00638670712467EA2AC4615C7CBD2AF18801F3537CA001217F0149015FC914DF271C8E0FAD5A298A0A1C8F4A622B35B23A0181C7E9FF00D6A84D92F7415A055B771C5295DC38A00CCFB04447283F2A8DF4E8C8E2353F5AD49637FE0C6EFF006A97CB3E8734018CBA6C7BB0D02FD454A34C801E231F956984C0F5A5DBED934D019A34E873FEAC5482C22FEE0FCAB43CBC1A5D9EBC53033C59A6385C528B4C74157F67FF00AA93E53ED40153C8C741CD4728F250B373EC0568E0138155EF08484E4727A526079C6B8D9BC3CE41E6BA8F0AC1FF0012E57CE01EDEB5CAEB7C6A522FF778E2BB8F0AC20698A4AF3B57B7B54ADC19AA22C0E94A22E6AC8414E0B5A125611D3847FCEA709D29FE5F069815FCB19E94EF2FE5E95636F19A5DBEDC502200BCD38424E454C178042D3C2FCDD29815D50EDFA5294E7EB53AAF5EFCD014E3D2802009818229EA831C8A9361DDD3AD48170B40159E10EBD39ED44432B91F955ADB8A62C655893FC5CD00220C8A7EDFAD48A9CF14ED87DE988F4D1C865460898FF598E07D293E55C0DA431C9D99F99FEBE94A4371F2FCC3EEA0E8BEE69A11065B3CB70CFDDBD857987689863D70AABD71F747D2861B8EDC654F3B0F7F76FF000A731EC7036F41D97FC4D309F948FCF3FD7FC2900A411905B25BDB93FE029BB8AFCA4727AF6FFF0057D2A3751283E68CE39009C73DB914F51B33BC9F7C9CD031D9DBCB74F4A3CC77E7A2E78F5A667E6C1C13E9D97EB4A650A383C1E377AFD05218E66DA8BD0E3D796A81EE963059DB2C0649EC2A2B99D6146924711A28CB33B715E75E28F13A4F6EEAEED158A9C050DB5E723FA7F9F6A126C3445AF1378BC4F14D0DB4DE55847959674FBCFF00ECA8FEB5E673DFDE6B97D158D846DCB0F2517EF7B926992B6A5E28D4A1B5B58701BFD5AAF0117D5BD2BD8FC17E08B6F0FDA6F03CEBB900DF3B0E9ECBE82B47682F322EE41E04F04C1E1CB5FB44A864BE71F3C9FDDF65F6FE75DD0F970A49207B544A143061C91D3BE2A394BBA148DD91DBF88751F9D6126DEA68958B26441907B727B0A81E4DE73D391927B01D6A2321638043281D4F7FF3EB50C93154C63703FCAA1968C0F14E9B6D79662490209C2EEDFF0053C2FD715E497D0F912B053915DF78DB5779207D3EDC9F31CAB48DE98E735E752DE6728FF7C72F93C935D146F633A96D880CD83C1A5F3B9A8E4543C8E2ABB2B8EF9AE8460CBBE752F9A077ACFDEC293CD3DCD311A8251479959827229E2E38A617347CCA4321AA02E07AD385C0F5A00BBE66052192A979E3D68F3C50172EF9BEF4D327BD54F38534CDEF405CB2F2E3BD40D2E7BD42F28F5AAED263A1A0572E19A9864CD5232FBD025A02E5C2F485EAB096832F1405C91DF1CD3925F7AACEF9A8D65C1A62B9A624A7092A809BDE9E261EB4C0B9E652799550CC29A65A045CF369BE6D53F3A9A65A6172E19A9867AA86434DDCC681165A7A8CCBEF50F3DE9314012197DE937934DC629A4E690C7EEF5A50F839ED518CB3600C9F4157ADEC9988328FF808A2D70B92D96F91C649F2BAEDF7AEDF45BF96DE78E4591936F75E0915CCC30EDE056A5B70460D4CA09AB151934EE7B468FAF45A922A1D8B2020649E3A56C24A56F3C936F700019F388C47D38C73FD2BC76C2EA48E41872B8EE2BBDD13C4851563986474DC3A8AE2952E5674A9DCEC8818F94F538A800DCC4FE04D241345711F9909054FCAB8E9433AA27231818E3A7B54318D0CAF2B30DF851D3693C9E94A8C0DD1037BAC6BB01C70BFDE6FCF03F0A9230D1C4CDB893FC3934431854C64F1EBDF1FFD7CD521325CE148E9EB4C3F77183C9E6A5057217AB1A3A9E4D3B0AE55B95FDDEDE800DCDDF8AE4752B368CB49B72C79E95D94AA2404B63939FC2B3EF6D3CC871C124E6AE2ECC4F53849A3C102B3DF713C7435D05F5B7945931DF159524385FE95D49DCC9E8500A5B9238F5A3671FE3569A2154D24F3662A9928A39E2AD1035A22C472401D877A1A215602724D359416D99E7D2988AE2301401CD26C27B7156BCBCD34A103923DA8B05CAA400BF31029A1A3672AA727A9AB9E58EB4CF2947B7BD16115C818A42BC802A6D8C08E869C1298CACC993EB49B0E49FE5560A29CE40A40A026781DE8020299E36F34797CF4E82AC05C8F4F6A4DBB891CF5A0443B0065E39A0C791CE79A9CAE58E7B0A5DB918F4A00AA23C8CE08FAD3BCBE41C54E70A39E0FBD2ECCD004023E0F1ED4862F98FB5594191C52EDC7D3DE80B949A3623EF7151EC618C91FE15A0579C7AF4A3C9079F7A560B94D5303EF551BF62595436723A56D792A3DEB13500A2E1BB6D19C81D78A4F61A3CEF55292DF5CB67E60FC57A278753669EABD31B7F95798DCB79978E7AEE7FEB5EA9A2EC8EC17B1CF5A4B7034C2A9C6075A701D7001A5120E0714F56048E2B424021FC85298F3F4CD3D4A9E41A7E077A6220F2FAF03A53827435291F4C1E2954722981184C81D68D84D49B4114E03927A5004613E6A082188EB5291CF3DA8032C70680222BF2834F2B85C5388C834EEB8FE9400C0B410381FA5498039CE282B9607B8A62100017269C47A629400C08EAA6976E3AD007A3641181CAB76E85BDCFB5231CFCD9F6DC3F92D46CF9049E41EBFED7FF5A9A1DB3B893FE7D2BCC3B4902F3F31C7B0FE1FFEBD239C74E3E9DBFF00AF4DDDC73D3D3BD03E53D7E94AC303F2F3D08FFC77FF00AF4CC92DD3E83BFD69C79E9DBF214D6249C29E7B9A00462A8BB7193DC0FE66AB5DDD436D0BCD34AA8AA39627A0A8AF6F60B4819A593118E5989C579678A7C502E18E7F776AA7E488F590FA9A6A3760DD8B5E28F16F98A5D9BCBB41FEAA20D8793DFDAB84B58354F17EACB0C285FF00F40897D4D4761A76A7E2FD68436E8CECC7E663F7635F7AF7BF0B78374FF0E69EB1469BA63CC929EAC6B46D4169B90AF27AEC55F09F8421F0F5B886389C3F59A7931990FB0EC2BADDE17E54C9F5F4A63004617E551DE984BE36A0C2FA9AC1DDEACD05F38392A99C8E324714C620E54F2A7EF13DE8627903A0EA4D4672471FAFF3A968A42B360E00F97D3FCFF2AC0D77591671189181B86E9FECD5CD53514B180B672E7A0AE0AF6E1E57772732B773DAAA14DC98A53E5326FE5625910EE95F96626B027B1DEE4C67073967FEF56F34390403FEF31EF50B4208E06147EB5D6A16473B95CE66477889F3548EDBFB1A723065CF07E95B725B2C9F79013D81ACEB8D200CB44EC8E7D3BD160B95B0A698D1A0E4F4A63C37B075459074C8E0D47F6C0876CA8F19FF00685160B921815BA7151B40477A55BA8DC712A9A9F7A919068BB0D0AA6DDC77A618A415754EE1CD0CB4EE2B19E56514DCC9EF571884E0E4D393638E298AC502D20EC69A647F7AD0688126AA6CCBB29345C562B977CD465DAACBFCBC75351370FD280B11166349B987AD4A33DC507A6714C2C47B9A97735483005292B8A0445CD30AB678A981C9A52C076A00846FCD4A3713402054ABB41A6219B4FAD288F23AD4859714D0C28013CB1EB46CF6A19F1D298665039614C093000A6FD6A1F3F3C282DF41522437329F9223F8D0170279A61603BE2AEC7A4CEE7F78F8F615762D222420EDDC7D4D16031915E63FBB466F7ED5721D31D86E91B1EC2B662B5238C605594847A53B019D058A46A02A62ADAC38038AB6B0D4C9077C5302BC70EDED56E24C54890D4E9167A5003E0C823D2B5EDA575E9F9D67C71E2AE44B8C0A8714CA523A8D335696DB6FCFFBBF4AEBA29A2BE893CBC1C7CC7EB5E6F13718ED5B5A56A5259CBB87DDAE79D2BEC6D199DCAEF0C8831B57EF126A7DCAB54AD265B8851C364B72D56323AF5ED58DAC5DC937704F0334C92560A07AF14330F5E9506E0CD9CFDDFE755610AF3923804638E955E6909E9CE3B54871927766A0CF56268B05CCED4ADF7445B196EF5CE4D110E73E98AEBA5E410066B9EBC8B6C8C4F4ADE9BE86734643A6DE2A12A89D0727D2ACCCE10E4F7AAE0990E7691F5ADD190DC00293682DD3F1AB1B700E69847A53111605342838F5A9B6E3028D9CE69888593F0A3673536DA69040A00836F24E2936D4FB7814D2B9A2C3B95D93A7BD2B26462A42B971E8294AE73408AFB006DD4B18192453DA25D8476A548BCB4005003150062DDDA9D83CD48170297028023283A919A02E578E94F2B900E714A319EB4C060146CC8E40A9579C9A319E68B00CD829714F0383C51D280236E33D2B97D49C2A5CB8E983C835D3CEE2388B6D35C66B336DD3E77FEF2B0A890D1C0440BDDC63D5C7F3AF56D3B8B3556F5AF3BD26D51E7595CF43902BD06CA6D91A07E84566A4B981B2D5C5AA5C2805E45C720A3629D1B4D1B7674FD6AE451AB8CF1CD3DA02178C1AD6DD42E42B263A262A759B39F90FE14244782460D3F1B7A8FC4552448F539C71D2A407B91CD57248195EB509BA656F98FE6314C0BC197EF63A52F56247E5598354B76936191437A6706A71705F1B1C7D0D005E047D3DA8190B50A48C4F214D4BE606538FA50224DA31D2936F02842781FAD49FC38A6046E8197950D839E69C060D3F6D2ECA04428E9E6322E32BD45498CD2845073819F5A705C8A0676ABBCB12DC0ED4F1D79EB479781C9A0277CF35E61DA2E3F3A307FC4D285F7A19B039A06358ED5C29CFB565EA3A941A74266B89703B2D26ADAB41A6406473963D17D6BCB3C45E236791A595F2FF00C099E169C63CC294AC5AF12F89C5C36E946D55E638C9FD4D71DA5691A878C75B11A6F1167F79291911AD59D07C3DA978CB52F90325A86FDE4C7F90AF7AD07C3F63E1FD3D2D6D620A00E4F763EA6B47251D11095F5643E1AF0DE9FE1DD3D2D6D22C77676FBCE7D49ADC24371FC34D38FA534E0FB0AC4B1588ED50B37A7E74E634C2323DA9D8634B12700702AB5DDC2C10177200F4F5AB0EC00FA572DAD5DB4D218D4F029C60E4C4E56463EA376F73331EADFA2D654A99E07E26AF4830085FC4D5565CF15D718248E772B949A3C9C1E17D2A331F73F80ABCC9F89A6F960F5AAB0AE50684004E39350987A96AD2318A8DA2C9E7A52B05CCC6B70C7711D3A55592C63909691335B4D1E7E95118779F6A3942E73336850CAD909B7E959F3E8D244DFB891FF3AECDE2C0DAB51FD9401934AC17387F23528BB938A61BEBD8FEF460FE15D94B067A2F150358464659452B0CE49B547E8F0D11EA68A798CD6FCBA6C72B61538A8DB418C8E4628B05D98EDAA42FCE181A885E4258B3139AD17D123CF06A13A093D3A5160BB2A35D4054F3CD45F688C91C9AB67427CF5A8DF4674EA68B06A426E22C70698678FD683658273D077A6A5997E868B0B51C2E23F5A0DC47EB56A3D125719E9530F0FBF734583533BED483A521BA4FEE9AD45D009EF4F7D1238A3DEE69D835318DD7FB340BC7276AA64D17116D93620C93DABA2D1F41D9189665CB9EDE9458462225E4BF763C54E9A6DE49F78E2BAF4B3451C28A78B624722981CB47A148C7E77635722D0A15EAB93EF5BA13E7DB8A9D6219E94C2C64C7A74510E107E55612D78E95A620069EB10EC29819CB6DC74A916DF1DAB4043ED4F5873DA80282C14F4B7EFCD5F10D3D61C0E94EC229080E7DAA55873C62ADAC5EB4F54E7A51602B2C1C54A916302AC88F34F08053B05C84254A83069DE5F3ED5204C8A561DC7C67031EB56A20C08E78AACAB56E007152D0D337B4ABD7864019BE535D546E8CA1D4F18AE12262A2B774ABFDBF248DF2D73D4875358CBA1BF21F9735111B71C53890EC0F6A6B9C74EF59A2C648405A840017AF34F7C74279A889C5558435B96E2B2B5088BB6074AD3CF04D54906FCFBD54741339F78B3C30E9511455AD2B9840E9D2A91502BA13316881C02306A2DA33561D7269A1455124657BD1B78ED4FC0A314C08B66298E402054E6A3C6E6E94011F5AAB2B48B271F76AEEDF6A6BC608CE29340548D98924F4A7EFE2A558F09D29AC9EB400D077605291F352AA7CC31D29E17E6A68060FBD8C52632334A4119239A5140011F2D37603529518A8DE68A2FBC7143002B8EF4608A845DC1249B43827EB524D70902EE62314AE845396FF00CBB858CF7AD08F0CA1AB98D46E6379C4886B474DD511C08D8F350A7AD988D2BA3FE8EFF4AE07C44F8D29C773C576BAADC88AD8907A8AE175743756A101C77A24F52D6C733A6975BD853D5ABD562B6865B78F1E95E6BA5DA91AA28272579AF46B797CB8393DAA135707B1A56F1A271BEACEE51EF5CE3CF2206656A9B4CD4CB31598D5A9F424DE1F374A52A7229A922E3703C1A90B02339AD6E034C4181E2A07B4DEBC8CFD6ACAC809C06A786F51408C8934C8490ED102C3A1AB31C6800C8C55EF95B8A635B83D0D16018889D09CFD69FE5AA741C544D14CADF29C8A9E35723E7A60381CAD28200FBDCD3640F81B3A539401CE39A04480D2EE1503CDB0F2B4D5BA466C01401694A91D29D8C74AAFBBD38A789801CD033BA19EF4F038F414EC535CE066BCC3B4091591AD6AD0E9D6E496CB9FBAA3AD55D735F4B088AA1CCA7A015E59AF7881F73BC92EF95BDFA55461CC272E525F11788999DA491F749D87F76B37C31E14BDF16DF89A70E9620E598F57FA55AF0A783AEBC4978B797C8CB6A0E429EAD5EDFA769F069D6A90C11855518E055CA56D11297563748D1EDB49B48EDED6258D1463005689E39A68348CD59942330A613CD2E334D381D6980A76D318E47B521E6A09A411A9627A50056D42E16185B9E6B92B872EC4D5CD6352427EF8C573D2EB112F535BD2B58CAA5CB4C33C54452AB8D5207190D522DD23F435B990E31D218F8A9164069E1770A760B954C59A6F9793ED574A669A63A2C2B949A2DDF4A63478181574A67814D28145161DCA1E563934C68F279AD0F2F7534C629582E5030A85E954E68F7B6074AD79621B7DAAA08C97C81C52B0CA6B12C63EEE69B247BC74C0AD2F2D076A6188134AC3337ECAA57016A29210AB815ACE8A16B3A63B9B6AD26811992B087935977170D7120541C77AD2BD859B8AAD059BA03C52199D30DCEB1EDFAD5DB7B68D71B579A458499CE6B4AD6D8B36452008A06072DD2A6231C5593130FA5472228E69BD01B215508727A565EA971842CDC0EC2B426940435911DB49A9DF00411129A499298685A5B5CCFF006A9978FE1CD75EA81170053EDAC84512A28C002AD2DB8039E6AEC1729AAE7A0A788DBD2A671B0F14E53C50056F246EC914D61F361455875663C53D63A604512B77156162029EA9CD4C14669A11108C5288F153ECE734F09542B95C4673D2A558FD6A554F6A784A0087CBE29CB1802A709415A6221094A56A603028DB9A4C688825380C1C53B61CD3D23E72690C72AD4C9C0A6AAF7A91452024426A746657183512F152A54B455CE8EC2F3CC8C231E6B43764E7B57316B298E406BA08E51246306B9A51B3364EE864DF33E451F7453CA8CD35C0140103FA0EF50C83AF6152B7DEA63A16A680A53852A4567B26335A52C7CD53B85DB5AC599C9144AF24D348E29E4D34AD6A8CC6E28A705C50C714C4478E698ABC9A7B1E2917A5301A4531BA54C4546E39A006E3E5A66DE6A6E83A5300EF400D51834E029452814011E07346140A76DAA379706019A1E805B6E958F7CB24926DC7CB5243A9092A7DE24E6A2E981871594AB29903E2ADC8FBE16595B26AF8894F6AAF736E9B0F153CB65A01CC5C0DAC429A75A2B870CBD6A796C1A494ED353DBDB35B30DDC8AC545DC2C2DC5C4924611F358DA814101C75AD8BF9536D604E865900ED4E57E61D8CFD0D18EA0CE79AED000F1F5E959965671C2BB80E6ACB9751953C527BDC6F425582490E377CB5245A6BA5C2BE7E5AAA97C5571DEB4ECE49255C93550717A1372ECCC046A15B069BE74850283F8D5299A4F3801D2B46084BC62AD5DB114A2172B761B7653D2B7E37CA8354E2B460F935795368AD62AC03C01D68C8CF5A5514796339AA01C06453BB522F029450218791509564E56A73475140145A727875A859519B2A706AFBC61BB543F6719E05004693BC7C3F4F5A9BED111EF48D6FB860D3059A81FF00D6A607A5338515CEEBBE208AC22650C37549AF6A32D9DB3B2004D7926B5A9CF319257393F5AF3631B9DAE560D6BC43B9DDCB1695AB43C1DE0A9F59B95D475343E5E772467BFB9AA7E02F0F5B6BBA89BABD72FB0E5531C57B7C16F1DAC4238940503B554A5D1092EAC5B3B386CE158E240A07A55AA441C529A818374E2A3C669C7A514C08E908DC6A4205340E734C446D19C572BE28BAB9B7B661103CD75AC7158DACC69240770A12BB1DEC7914D35CC8C4B96FCEA12EEE31B335D2DED9C458E45515B748DF8AE98A309330C5BDC9906D52A2B72D2DA5D83755E821472322B4044A060015AA890D95123DABEF53C6A40CD4E2318A708C55589B9160E38A50A48A9B68028C53B0AE4023C0A8993735586A8BA734AC34C428314C2817935203CD4172E429A1815E53E636074A3680B802A34EB53A815251098CD288F8A98D57998842690CA57871F2275AADE588A3E4E4D124ADBC9EB50B4A58F350D8AE1E586E4D43315418AB683299AC7BB7267DBDAA58DB1061A4CD6D58460264D64448011CD6DDA0F900A224A625DB05438AC19A773919AE86E231B0D7377E7667144C655171B9F613C56E698A8186C15CF2C2A406C9CD74BA2A0D80D115603753EE8A7F5A13A50396AD40618F2DD2904556D54633504EDB7A0A02E26CE3A546C18741566239152145C74A2C172B421CF5AB2919A7C4A2A43C552426C15334F094254A2A89B8C094EDB4FED45003714853753C8A50290C604C0A784A51D69FDA8018545380C0A5039A7628018580A7A1CD34A8269E831525120A914E2A35A93B548122BF35AB61738E09AC95156213B5862A248B8B3A057DDCD35CD476E72829EF58D8D066CC7268278A900CAD318500562BB89CD53B98F8AD22302A9DD018AA8BD44F6321D719A8855898557ADD19314D34E314A45276AB246B0078A50B401F352D310C239A6632D5253475A0046141000A71148D400D229A785A93151B9C1A180670B54EEADBED02AD672283C52DC0C56B010722915DBEE8ABB76C4AD67C6087EB59C959E806942B85E6AB5FCBB623B7AD4EAF84E9546EA52C4820537B0EE67DABB9725855990961D29CA02AE40A3AE78A8D520463DD025B1502C0A4E6AF5E28CE6AB46C6B19368771C0ECA5966063C545236EA74281FAD28EAEC0C822B77964F6ADCB5478500C51650206E95B4B02151C56F4E95B544DCA291991B256B42088A0E952246ABD054E00AD946C26C17A53A814EC5500829E29B4E148051CD18C734B8C52F5A006119151B7153531D4628195F7E0D025A574151950052D46399FD2904C71D2A214F07DA8D447FFD9, 12, '好好', '宠物类', 8, 60, 20);

-- ----------------------------
-- Table structure for score
-- ----------------------------
DROP TABLE IF EXISTS `score`;
CREATE TABLE `score`  (
  `RecordID` int UNSIGNED NOT NULL AUTO_INCREMENT,
  `UserID` int UNSIGNED NOT NULL,
  `ScoreValue` int UNSIGNED NOT NULL DEFAULT 0,
  `RecordTime` varchar(255) CHARACTER SET utf8mb4 COLLATE utf8mb4_0900_ai_ci NOT NULL,
  `PsID` int NOT NULL,
  PRIMARY KEY (`RecordID`) USING BTREE,
  UNIQUE INDEX `RecordID`(`RecordID` ASC) USING BTREE,
  INDEX `UserID`(`UserID` ASC) USING BTREE,
  CONSTRAINT `score_ibfk_2` FOREIGN KEY (`UserID`) REFERENCES `customer` (`UserID`) ON DELETE CASCADE ON UPDATE CASCADE,
  CONSTRAINT `score_chk_1` CHECK (`ScoreValue` >= 0)
) ENGINE = InnoDB AUTO_INCREMENT = 41 CHARACTER SET = utf8mb4 COLLATE = utf8mb4_0900_ai_ci ROW_FORMAT = DYNAMIC;

-- ----------------------------
-- Records of score
-- ----------------------------
INSERT INTO `score` VALUES (40, 4, 60, '2024-11-03', 1);

-- ----------------------------
-- Table structure for store
-- ----------------------------
DROP TABLE IF EXISTS `store`;
CREATE TABLE `store`  (
  `UserID` int UNSIGNED NOT NULL AUTO_INCREMENT,
  `UserPassword` varchar(255) CHARACTER SET utf8mb4 COLLATE utf8mb4_0900_ai_ci NOT NULL,
  `UserPhone` varchar(255) CHARACTER SET utf8mb4 COLLATE utf8mb4_0900_ai_ci NOT NULL,
  `RegisterTime` varchar(255) CHARACTER SET utf8mb4 COLLATE utf8mb4_0900_ai_ci NOT NULL,
  `UserType` enum('s','c','u') CHARACTER SET utf8mb4 COLLATE utf8mb4_0900_ai_ci NOT NULL DEFAULT 'u',
  `isVerified` int NOT NULL DEFAULT 1,
  `UserName` varchar(255) CHARACTER SET utf8mb4 COLLATE utf8mb4_0900_ai_ci NOT NULL,
  PRIMARY KEY (`UserID`) USING BTREE,
  UNIQUE INDEX `StoreID`(`UserID` ASC) USING BTREE
) ENGINE = InnoDB AUTO_INCREMENT = 7 CHARACTER SET = utf8mb4 COLLATE = utf8mb4_0900_ai_ci ROW_FORMAT = DYNAMIC;

-- ----------------------------
-- Records of store
-- ----------------------------
INSERT INTO `store` VALUES (1, '123', '11111', '2024-10-30', 's', 1, '');
INSERT INTO `store` VALUES (5, '345', '188', '2024-10-29', 's', 1, 'wang');
INSERT INTO `store` VALUES (6, '345', '188', '2024-10-29', 's', 1, 'wang');

SET FOREIGN_KEY_CHECKS = 1;
